Année;Code région académique;Code région Insee;Libellé région académique;Discipline;IPS moyen;Caractéristiques;Score moyen;Ecart type;Groupe 1;Groupe 2;Groupe 3;Groupe 4;Groupe 5;Groupe 6
2017;01;84;AUVERGNE-RHONE-ALPES;Mathématiques;107.5;Ensemble;254;49.0;10.2;16.7;22.4;19.8;14.2;16.7
2017;05;94;CORSE;Mathématiques;100.5;Fille;241;47.3;14.4;22.2;25.1;17.9;10.2;10.3
2017;06;44;GRAND EST;Français;100.3;Fille;257;49.2;9.6;16.8;20.7;19.7;14.7;18.5
2017;06;44;GRAND EST;Mathématiques;100.3;Ensemble;252;48.8;10.9;17.7;22.7;19.6;13.6;15.4
2017;06;44;GRAND EST;Mathématiques;100.3;Garçon;254;50.2;11.0;16.9;21.6;19.5;13.8;17.1
2017;07;01;GUADELOUPE;Mathématiques;88.8;Fille;225;46.3;28.5;24.4;20.3;13.3;7.7;5.9
2017;07;01;GUADELOUPE;Mathématiques;88.8;Garçon;222;49.8;32.7;23.0;19.0;11.1;7.4;6.8
2017;08;03;GUYANE;Français;72.0;Ensemble;200;54.1;52.9;18.4;11.9;7.9;4.8;4.1
2017;08;03;GUYANE;Mathématiques;72.0;Garçon;197;51.7;55.9;19.7;11.4;6.4;3.3;3.2
2017;10;11;ILE-DE-FRANCE;Français;111.0;Fille;263;52.0;8.7;14.8;19.0;18.5;15.7;23.3
2017;10;11;ILE-DE-FRANCE;Mathématiques;111.0;Fille;250;49.7;12.6;19.3;22.3;18.2;12.7;15.0
2017;11;04;LA REUNION;Français;82.5;Garçon;226;44.9;29.0;26.0;19.1;12.1;6.7;7.0
2017;11;04;LA REUNION;Mathématiques;82.5;Garçon;230;47.0;26.1;24.2;20.5;13.0;7.9;8.3
2017;12;02;MARTINIQUE;Français;92.8;Ensemble;234;50.6;24.4;21.4;18.7;15.0;10.5;10.0
2017;12;02;MARTINIQUE;Français;92.8;Fille;241;49.7;19.4;20.9;20.0;15.5;12.1;12.0
2017;12;02;MARTINIQUE;Français;92.8;Garçon;228;50.6;28.9;21.9;17.4;14.6;9.1;8.1
2017;14;28;NORMANDIE;Français;101.7;Ensemble;245;47.3;14.4;21.2;22.0;17.8;12.4;12.3
2017;14;28;NORMANDIE;Français;101.7;Garçon;239;45.8;17.5;23.0;22.2;16.7;10.9;9.7
2017;15;75;NOUVELLE-AQUITAINE;Mathématiques;105.8;Ensemble;252;50.0;11.3;17.2;22.6;19.6;13.8;15.6
2017;16;76;OCCITANIE;Mathématiques;105.1;Fille;249;48.8;11.8;18.8;23.9;19.4;12.7;13.5
2017;17;52;PAYS DE LA LOIRE;Français;107.2;Fille;260;48.3;8.3;15.0;20.3;20.4;16.5;19.5
2017;17;52;PAYS DE LA LOIRE;Français;107.2;Garçon;247;46.9;13.7;19.4;22.0;18.9;12.9;13.0
2017;17;52;PAYS DE LA LOIRE;Mathématiques;107.2;Garçon;258;50.1;9.2;14.9;21.4;20.3;15.4;18.9
2017;18;93;PROVENCE-ALPES-COTE D'AZUR;Mathématiques;104.1;Garçon;252;49.6;11.9;17.6;21.9;19.2;13.4;16.0
2018;01;84;AUVERGNE-RHONE-ALPES;Français;107.3;Ensemble;258;50.2;10.1;15.6;21.3;19.1;14.5;19.4
2018;01;84;AUVERGNE-RHONE-ALPES;Français;107.3;Fille;264;50.6;7.9;13.6;20.3;19.7;15.8;22.7
2018;01;84;AUVERGNE-RHONE-ALPES;Mathématiques;107.3;Fille;250;44.1;10.4;17.8;24.0;21.2;13.9;12.7
2018;02;27;BOURGOGNE-FRANCHE-COMTE;Français;101.9;Ensemble;254;48.0;10.2;17.5;22.9;19.0;13.8;16.6
2018;02;27;BOURGOGNE-FRANCHE-COMTE;Français;101.9;Fille;260;49.1;8.0;15.2;22.4;20.0;14.9;19.5
2018;02;27;BOURGOGNE-FRANCHE-COMTE;Français;101.9;Garçon;249;46.3;12.3;19.6;23.4;18.1;12.7;14.0
2018;04;24;CENTRE-VAL DE LOIRE;Mathématiques;103.4;Garçon;254;49.2;11.5;16.5;21.2;19.8;14.4;16.6
2018;05;94;CORSE;Français;100.5;Ensemble;254;51.4;11.5;17.0;21.9;18.7;13.9;17.0
2018;05;94;CORSE;Français;100.5;Garçon;246;49.1;13.8;19.9;23.0;17.6;11.9;13.7
2018;05;94;CORSE;Mathématiques;100.5;Fille;240;44.7;15.2;23.3;23.2;18.3;11.9;8.1
2018;06;44;GRAND EST;Mathématiques;100.4;Fille;246;43.7;12.2;19.5;24.2;20.5;12.9;10.8
2018;08;03;GUYANE;Français;72.7;Garçon;205;49.5;48.4;20.4;14.4;9.0;4.3;3.5
2018;09;32;HAUTS-DE-FRANCE;Français;96.6;Fille;253;47.2;10.5;18.2;23.5;19.1;13.2;15.6
2018;09;32;HAUTS-DE-FRANCE;Mathématiques;96.6;Fille;240;43.3;15.3;22.1;24.3;18.8;10.9;8.6
2018;10;11;ILE-DE-FRANCE;Français;110.7;Fille;264;53.0;8.9;14.3;20.1;18.5;14.7;23.7
2018;12;02;MARTINIQUE;Mathématiques;92.2;Fille;228;43.4;25.5;23.9;22.8;14.5;7.6;5.7
2018;13;06;MAYOTTE;Français;68.1;Fille;179;36.8;74.9;16.1;5.5;1.7;1.0;0.8
2018;14;28;NORMANDIE;Mathématiques;101.7;Ensemble;247;46.1;13.5;19.1;22.6;19.5;13.1;12.2
2018;15;75;NOUVELLE-AQUITAINE;Français;105.8;Fille;260;51.1;9.4;15.0;20.9;19.0;14.7;21.1
2018;15;75;NOUVELLE-AQUITAINE;Mathématiques;105.8;Fille;246;43.6;11.9;19.4;24.4;20.8;12.7;10.7
2018;16;76;OCCITANIE;Français;105.3;Garçon;249;49.9;13.7;18.8;21.9;17.6;12.6;15.4
2018;18;93;PROVENCE-ALPES-COTE D'AZUR;Mathématiques;104.0;Fille;245;44.1;12.8;20.1;24.5;19.9;12.0;10.7
2018;18;93;PROVENCE-ALPES-COTE D'AZUR;Mathématiques;104.0;Garçon;252;51.2;13.6;16.6;19.9;19.0;14.1;16.8
2019;01;84;AUVERGNE-RHONE-ALPES;Français;107.3;Ensemble;259;48.8;11.6;13.8;17.4;19.1;17.3;20.8
2019;02;27;BOURGOGNE-FRANCHE-COMTE;Français;102.1;Ensemble;256;47.9;11.9;15.1;18.5;19.3;16.5;18.7
2019;02;27;BOURGOGNE-FRANCHE-COMTE;Français;102.1;Fille;263;46.1;8.0;12.9;18.1;20.5;18.4;22.1
2019;03;53;BRETAGNE;Français;108.5;Ensemble;261;47.0;9.6;13.0;17.9;19.7;18.2;21.5
2019;04;24;CENTRE-VAL DE LOIRE;Français;103.5;Fille;263;45.8;7.9;13.1;19.5;19.7;18.2;21.6
2019;04;24;CENTRE-VAL DE LOIRE;Mathématiques;103.5;Fille;248;45.4;13.1;19.4;22.8;19.1;12.7;12.9
2019;05;94;CORSE;Mathématiques;100.8;Ensemble;237;51.7;21.6;21.0;19.4;15.5;11.0;11.5
2019;07;01;GUADELOUPE;Français;88.5;Fille;248;48.5;16.7;16.6;19.2;17.3;14.8;15.4
2019;07;01;GUADELOUPE;Français;88.5;Garçon;228;49.8;31.2;19.2;16.1;13.6;10.6;9.3
2019;09;32;HAUTS-DE-FRANCE;Français;97.0;Ensemble;247;48.9;17.0;17.1;18.5;17.8;14.2;15.3
2019;12;02;MARTINIQUE;Français;93.3;Ensemble;241;50.8;22.0;16.1;18.3;16.3;14.3;13.1
2019;13;06;MAYOTTE;Français;68.1;Fille;188;55.5;59.6;16.6;11.5;7.0;3.4;2.0
2019;14;28;NORMANDIE;Français;101.9;Fille;258;47.4;10.8;14.6;18.4;19.2;17.5;19.6
2019;14;28;NORMANDIE;Français;101.9;Garçon;244;48.5;18.6;18.2;18.8;17.2;13.7;13.5
2019;14;28;NORMANDIE;Mathématiques;101.9;Ensemble;246;49.4;17.1;19.0;19.9;17.3;12.4;14.2
2019;15;75;NOUVELLE-AQUITAINE;Français;106.0;Ensemble;258;48.8;11.9;14.0;17.8;19.0;16.9;20.4
2019;17;52;PAYS DE LA LOIRE;Mathématiques;107.3;Garçon;257;53.7;13.9;15.1;17.8;17.4;14.8;21.0
2019;;;NATIONAL;Français;;Ensemble;255;49.6;13.6;14.8;17.8;18.5;16.3;19.1
2019;;;NATIONAL;Français;;Fille;262;48.1;9.8;12.9;17.4;19.5;18.0;22.3
2020;01;84;AUVERGNE-RHONE-ALPES;Français;107.3;Ensemble;266;47.1;7.0;12.2;19.1;20.4;18.0;23.3
2020;01;84;AUVERGNE-RHONE-ALPES;Français;107.3;Fille;272;46.9;5.0;10.1;17.7;20.3;19.6;27.4
2020;01;84;AUVERGNE-RHONE-ALPES;Français;107.3;Garçon;260;46.3;8.9;14.3;20.4;20.4;16.5;19.5
2020;02;27;BOURGOGNE-FRANCHE-COMTE;Mathématiques;102.4;Ensemble;255;49.7;12.9;15.9;19.3;18.8;14.8;18.4
2020;04;24;CENTRE-VAL DE LOIRE;Mathématiques;103.5;Fille;251;46.7;12.4;18.3;21.6;19.3;13.3;15.1
2020;05;94;CORSE;Français;101.7;Garçon;255;43.9;9.2;16.2;21.7;21.2;14.9;16.8
2020;05;94;CORSE;Mathématiques;101.7;Fille;246;43.8;13.8;18.5;23.6;19.5;13.4;11.2
2020;06;44;GRAND EST;Mathématiques;100.9;Fille;250;48.9;14.6;17.3;20.2;18.6;13.6;15.7
2020;07;01;GUADELOUPE;Français;88.8;Garçon;233;48.2;26.8;19.4;19.0;15.0;9.9;9.9
2020;07;01;GUADELOUPE;Mathématiques;88.8;Fille;225;45.5;30.7;23.2;18.8;13.2;7.7;6.4
2020;08;03;GUYANE;Français;71.4;Ensemble;209;48.6;47.6;18.8;14.3;9.4;5.0;4.9
2020;08;03;GUYANE;Français;71.4;Fille;215;48.4;41.5;19.5;16.9;10.7;5.4;6.0
2020;11;04;LA REUNION;Français;83.6;Fille;254;46.9;11.7;17.2;20.0;18.9;15.3;16.9
2020;11;04;LA REUNION;Mathématiques;83.6;Garçon;229;51.3;31.4;21.0;16.6;12.4;8.5;10.1
2020;12;02;MARTINIQUE;Français;91.9;Fille;254;48.1;12.6;16.0;20.1;18.3;15.4;17.5
2020;13;06;MAYOTTE;Français;68.1;Garçon;180;42.8;74.4;12.9;6.8;3.2;1.7;1.0
2020;14;28;NORMANDIE;Français;101.6;Garçon;251;45.3;11.9;17.7;21.8;20.1;14.0;14.5
2020;15;75;NOUVELLE-AQUITAINE;Français;106.1;Ensemble;264;47.4;7.7;12.7;19.2;20.4;17.5;22.4
2020;15;75;NOUVELLE-AQUITAINE;Mathématiques;106.1;Ensemble;256;50.8;12.8;14.7;19.0;18.8;15.0;19.6
2020;15;75;NOUVELLE-AQUITAINE;Mathématiques;106.1;Fille;253;47.8;12.4;15.9;20.9;19.5;14.7;16.6
2020;17;52;PAYS DE LA LOIRE;Mathématiques;107.4;Fille;257;47.6;10.6;14.9;20.3;20.4;15.7;18.1
2020;;;NATIONAL;Français;;Fille;268;48.3;6.9;11.7;18.2;20.1;18.1;24.9
2020;;;NATIONAL;Mathématiques;;Garçon;255;54.7;16.0;14.7;17.1;17.1;14.4;20.7
2021;02;27;BOURGOGNE-FRANCHE-COMTE;Mathématiques;102.8;Fille;251;47.7;13.0;17.9;21.5;18.4;13.7;15.6
2021;04;24;CENTRE-VAL DE LOIRE;Mathématiques;103.7;Ensemble;253;49.9;13.5;17.1;20.0;18.2;14.2;17.0
2021;04;24;CENTRE-VAL DE LOIRE;Mathématiques;103.7;Garçon;256;52.2;13.6;15.7;18.4;17.7;15.1;19.6
2021;05;94;CORSE;Français;101.0;Fille;266;43.2;4.3;12.2;21.0;22.3;18.5;21.6
2021;05;94;CORSE;Mathématiques;101.0;Fille;243;44.5;15.6;21.3;23.0;17.0;12.3;10.9
2021;06;44;GRAND EST;Français;101.3;Garçon;254;44.6;9.9;16.3;22.2;21.0;15.1;15.6
2021;07;01;GUADELOUPE;Français;90.7;Ensemble;243;46.8;18.3;18.6;20.5;17.1;13.2;12.2
2021;07;01;GUADELOUPE;Mathématiques;90.7;Fille;227;47.3;31.4;21.6;18.6;13.0;7.8;7.7
2021;08;03;GUYANE;Français;71.7;Fille;219;46.0;37.4;20.9;17.6;11.2;7.4;5.5
2021;08;03;GUYANE;Mathématiques;71.7;Garçon;199;50.2;60.4;14.1;10.5;6.3;4.8;3.9
2021;10;11;ILE-DE-FRANCE;Mathématiques;110.8;Ensemble;256;55.5;15.1;16.0;17.8;16.6;13.4;21.0
2021;10;11;ILE-DE-FRANCE;Mathématiques;110.8;Garçon;260;58.4;15.5;14.4;16.3;16.0;13.9;23.9
2021;11;04;LA REUNION;Mathématiques;85.1;Fille;231;46.1;26.3;23.6;19.4;13.7;8.5;8.6
2021;11;04;LA REUNION;Mathématiques;85.1;Garçon;232;51.8;29.7;20.4;17.5;12.3;9.4;10.7
2021;12;02;MARTINIQUE;Français;92.1;Fille;257;46.2;11.2;14.4;19.1;21.2;16.0;18.1
2021;12;02;MARTINIQUE;Mathématiques;92.1;Garçon;231;53.1;30.9;19.7;15.6;12.7;10.5;10.7
2021;13;06;MAYOTTE;Français;68.4;Fille;195;41.8;59.4;19.3;10.8;6.1;2.9;1.4
2021;13;06;MAYOTTE;Français;68.4;Garçon;184;41.8;72.6;13.3;7.3;4.0;1.7;1.1
2021;13;06;MAYOTTE;Mathématiques;68.4;Fille;177;37.6;77.5;13.6;5.9;1.7;0.8;0.5
2021;14;28;NORMANDIE;Français;101.9;Fille;262;44.4;6.4;14.1;21.4;21.6;16.9;19.6
2021;17;52;PAYS DE LA LOIRE;Français;108.0;Ensemble;263;45.3;6.9;12.8;20.5;21.5;17.4;20.9
2021;17;52;PAYS DE LA LOIRE;Français;108.0;Fille;270;45.2;4.8;10.4;19.1;21.3;19.1;25.3
2021;17;52;PAYS DE LA LOIRE;Français;108.0;Garçon;257;44.3;8.8;15.1;21.9;21.6;15.8;16.8
2021;17;52;PAYS DE LA LOIRE;Mathématiques;108.0;Fille;257;48.7;10.9;15.9;20.0;19.3;15.3;18.5
2021;18;93;PROVENCE-ALPES-COTE D'AZUR;Mathématiques;104.1;Ensemble;253;52.4;14.8;16.5;18.8;17.6;13.8;18.5
2021;;;NATIONAL;Mathématiques;;Garçon;258;55.7;15.2;14.3;16.8;17.0;14.7;21.9
2022;01;84;AUVERGNE-RHONE-ALPES;Français;108.0;Ensemble;261;46.9;9.0;14.3;19.3;20.0;16.8;20.7
2022;01;84;AUVERGNE-RHONE-ALPES;Français;108.0;Fille;268;47.2;6.8;12.3;18.1;20.0;18.0;24.7
2022;01;84;AUVERGNE-RHONE-ALPES;Français;108.0;Garçon;255;45.8;11.0;16.2;20.4;20.0;15.6;16.8
2022;01;84;AUVERGNE-RHONE-ALPES;Mathématiques;108.0;Fille;254;49.4;12.5;17.8;20.6;18.4;13.5;17.2
2022;02;27;BOURGOGNE-FRANCHE-COMTE;Français;102.0;Ensemble;256;45.2;10.3;16.1;21.2;20.3;15.4;16.7
2022;04;24;CENTRE-VAL DE LOIRE;Français;103.3;Ensemble;256;45.6;10.0;16.3;21.3;19.6;15.7;17.1
2022;04;24;CENTRE-VAL DE LOIRE;Français;103.3;Fille;263;45.9;7.2;14.1;20.0;20.1;17.5;21.0
2022;04;24;CENTRE-VAL DE LOIRE;Mathématiques;103.3;Garçon;256;51.5;13.2;16.9;19.4;17.3;13.8;19.5
2022;05;94;CORSE;Français;102.3;Ensemble;257;46.1;9.9;16.2;19.9;19.9;16.8;17.3
2022;05;94;CORSE;Français;102.3;Fille;264;46.0;7.5;13.7;17.9;20.7;18.3;21.9
2022;05;94;CORSE;Mathématiques;102.3;Garçon;257;51.9;11.8;16.7;18.9;19.2;15.7;17.7
2022;06;44;GRAND EST;Français;100.5;Ensemble;255;45.8;10.8;16.7;20.8;19.8;15.5;16.4
2022;06;44;GRAND EST;Mathématiques;100.5;Ensemble;255;51.1;13.5;17.4;19.5;17.6;13.5;18.5
2022;06;44;GRAND EST;Mathématiques;100.5;Fille;250;48.7;14.5;19.4;20.9;17.5;12.5;15.2
2022;06;44;GRAND EST;Mathématiques;100.5;Garçon;259;52.9;12.5;15.5;18.2;17.7;14.4;21.6
2022;08;03;GUYANE;Français;81.3;Garçon;203;46.2;55.7;16.8;11.2;8.2;4.1;4.0
2022;09;32;HAUTS-DE-FRANCE;Mathématiques;98.4;Fille;242;46.6;18.6;21.2;21.5;16.5;10.7;11.6
2022;09;32;HAUTS-DE-FRANCE;Mathématiques;98.4;Garçon;252;51.3;15.1;18.2;19.2;17.1;12.7;17.7
2022;10;11;ILE-DE-FRANCE;Français;111.6;Garçon;255;48.1;12.1;16.6;19.6;18.6;15.1;18.1
2022;10;11;ILE-DE-FRANCE;Mathématiques;111.6;Fille;251;51.9;15.9;18.7;19.6;16.4;12.1;17.3
2022;12;02;MARTINIQUE;Français;101.6;Ensemble;245;46.7;17.3;19.5;19.3;17.5;13.8;12.5
2022;12;02;MARTINIQUE;Mathématiques;101.6;Ensemble;233;48.3;26.6;22.4;19.2;13.0;9.2;9.6
2022;14;28;NORMANDIE;Français;102.5;Ensemble;251;45.4;12.3;18.3;21.5;19.0;14.2;14.7
2022;14;28;NORMANDIE;Mathématiques;102.5;Ensemble;250;49.7;15.7;18.9;20.0;17.1;12.7;15.7
2022;14;28;NORMANDIE;Mathématiques;102.5;Fille;245;47.1;16.9;20.9;21.3;16.7;11.6;12.6
2022;14;28;NORMANDIE;Mathématiques;102.5;Garçon;254;51.6;14.5;17.0;18.7;17.4;13.7;18.6
2022;16;76;OCCITANIE;Français;106.7;Ensemble;258;47.1;10.1;15.4;20.5;19.7;15.7;18.7
2022;16;76;OCCITANIE;Français;106.7;Fille;265;47.6;7.7;13.2;19.2;19.8;17.3;22.8
2022;18;93;PROVENCE-ALPES-COTE D'AZUR;Français;105.3;Garçon;251;45.3;12.6;17.4;21.8;19.6;14.3;14.3
2023;01;84;AUVERGNE-RHONE-ALPES;Français;109.0;Ensemble;261;48.3;9.2;14.4;19.7;19.7;16.5;20.5
2023;01;84;AUVERGNE-RHONE-ALPES;Français;109.0;Garçon;254;46.7;11.6;16.4;21.1;19.5;15.1;16.2
2023;03;53;BRETAGNE;Français;110.6;Fille;270;46.8;5.5;11.5;18.3;21.1;18.8;24.8
2023;04;24;CENTRE-VAL DE LOIRE;Mathématiques;103.1;Garçon;257;52.1;13.2;16.5;18.8;17.5;13.8;20.2
2023;05;94;CORSE;Français;101.7;Garçon;248;44.1;13.1;18.9;23.1;19.2;13.2;12.6
2023;05;94;CORSE;Mathématiques;101.7;Fille;245;46.2;15.7;22.0;21.2;16.2;12.3;12.6
2023;05;94;CORSE;Mathématiques;101.7;Garçon;254;49.3;12.3;17.6;19.9;18.9;14.2;17.2
2023;06;44;GRAND EST;Mathématiques;101.0;Ensemble;255;52.0;13.6;17.1;19.5;17.5;13.4;18.9
2023;06;44;GRAND EST;Mathématiques;101.0;Fille;250;49.2;14.9;19.2;20.8;17.2;12.5;15.3
2023;07;01;GUADELOUPE;Français;96.8;Garçon;233;46.9;26.3;20.9;20.0;14.6;9.9;8.3
2023;07;01;GUADELOUPE;Mathématiques;96.8;Fille;226;45.3;30.6;23.5;18.9;13.0;7.7;6.2
2023;08;03;GUYANE;Français;81.9;Ensemble;206;47.3;52.2;18.0;13.0;7.5;4.6;4.7
2023;08;03;GUYANE;Mathématiques;81.9;Ensemble;196;43.4;63.7;17.0;8.7;5.3;2.7;2.6
2023;09;32;HAUTS-DE-FRANCE;Français;99.1;Ensemble;249;45.9;13.4;18.7;21.7;19.0;13.5;13.8
2023;09;32;HAUTS-DE-FRANCE;Mathématiques;99.1;Ensemble;248;49.9;16.5;19.7;19.8;16.9;12.1;15.0
2023;11;04;LA REUNION;Mathématiques;88.3;Fille;232;45.9;25.6;25.3;19.8;13.0;8.0;8.4
2023;12;02;MARTINIQUE;Français;101.3;Fille;253;47.5;12.8;17.1;18.8;20.2;14.7;16.3
2023;12;02;MARTINIQUE;Mathématiques;101.3;Fille;232;45.6;25.6;23.0;19.9;14.5;8.1;8.9
2023;14;28;NORMANDIE;Français;103.0;Ensemble;250;46.1;13.0;18.1;21.5;19.2;13.7;14.5
2023;14;28;NORMANDIE;Mathématiques;103.0;Ensemble;249;50.1;15.7;19.0;20.2;17.3;12.1;15.6
2023;15;75;NOUVELLE-AQUITAINE;Français;107.7;Ensemble;259;47.5;10.0;14.7;20.3;19.8;16.1;19.1
2023;17;52;PAYS DE LA LOIRE;Français;108.8;Fille;266;47.4;7.1;12.8;18.9;20.4;17.9;22.8
2023;17;52;PAYS DE LA LOIRE;Mathématiques;108.8;Ensemble;259;51.9;12.0;15.9;19.3;17.8;14.1;20.9
2023;18;93;PROVENCE-ALPES-COTE D'AZUR;Français;105.5;Garçon;251;45.9;12.4;18.0;22.3;19.5;13.6;14.4
2023;18;93;PROVENCE-ALPES-COTE D'AZUR;Mathématiques;105.5;Fille;248;48.6;15.3;19.6;21.0;17.5;12.1;14.4
2023;;;NATIONAL;Français;;Ensemble;257;48.4;11.3;15.7;20.1;19.3;15.3;18.2
2023;;;NATIONAL;Mathématiques;;Fille;249;50.0;15.9;19.0;20.3;17.1;12.4;15.3
2024;01;84;AUVERGNE-RHONE-ALPES;Français;109.1;Fille;267;49.2;7.2;12.1;18.8;21.2;17.6;23.1
2024;02;27;BOURGOGNE-FRANCHE-COMTE;Mathématiques;102.7;Fille;249;47.7;13.9;19.4;21.3;18.0;12.6;14.8
2024;04;24;CENTRE-VAL DE LOIRE;Français;103.5;Garçon;250;46.4;13.4;17.8;22.1;19.7;13.0;14.1
2024;05;94;CORSE;Mathématiques;101.3;Fille;249;45.7;13.9;18.2;22.3;17.7;13.5;14.4
2024;06;44;GRAND EST;Français;101.3;Ensemble;255;47.1;11.5;15.9;21.2;20.5;15.1;15.8
2024;07;01;GUADELOUPE;Mathématiques;96.9;Fille;227;47.6;32.7;21.7;18.0;12.5;7.6;7.5
2024;08;03;GUYANE;Mathématiques;81.7;Ensemble;198;42.8;60.4;19.0;9.8;5.0;2.8;3.1
2024;11;04;LA REUNION;Français;89.0;Fille;249;47.0;14.4;19.7;21.1;18.1;12.5;14.2
2024;12;02;MARTINIQUE;Français;100.5;Ensemble;244;50.4;20.1;16.7;19.6;18.0;11.9;13.6
2024;13;06;MAYOTTE;Français;69.8;Ensemble;185;41.7;71.0;14.2;8.1;3.8;1.7;1.2
2024;13;06;MAYOTTE;Mathématiques;69.8;Ensemble;182;38.1;75.3;15.2;5.3;2.4;1.0;0.8
2024;14;28;NORMANDIE;Français;103.3;Garçon;245;45.8;16.3;18.3;22.4;19.2;12.2;11.7
2024;15;75;NOUVELLE-AQUITAINE;Français;108.2;Fille;265;49.0;8.0;12.8;18.9;21.2;17.3;21.9
2024;16;76;OCCITANIE;Français;107.3;Ensemble;258;48.5;10.3;14.8;20.4;20.5;15.4;18.5
2024;16;76;OCCITANIE;Mathématiques;107.3;Garçon;263;55.1;11.9;14.4;17.4;17.6;14.6;24.0
2024;17;52;PAYS DE LA LOIRE;Mathématiques;109.1;Ensemble;258;52.1;12.4;16.2;19.2;17.7;14.3;20.3
2024;18;93;PROVENCE-ALPES-COTE D'AZUR;Français;105.4;Fille;263;48.0;8.0;13.6;20.3;21.1;16.7;20.2
2024;18;93;PROVENCE-ALPES-COTE D'AZUR;Français;105.4;Garçon;252;47.3;13.2;16.4;21.0;20.1;14.3;15.0
2024;;;NATIONAL;Français;;Fille;262;49.4;9.1;13.8;19.6;20.7;16.3;20.5
2024;;;NATIONAL;Mathématiques;;Ensemble;254;53.3;15.0;17.2;18.8;16.9;13.0;19.0
2025;01;84;AUVERGNE-RHONE-ALPES;Français;109.2;Ensemble;260;49.6;10.4;14.0;19.7;19.8;15.8;20.3
2025;01;84;AUVERGNE-RHONE-ALPES;Français;109.2;Garçon;255;49.3;13.0;15.4;20.6;19.2;14.4;17.4
2025;01;84;AUVERGNE-RHONE-ALPES;Mathématiques;109.2;Fille;253;50.3;13.5;17.8;19.9;17.9;13.5;17.4
2025;02;27;BOURGOGNE-FRANCHE-COMTE;Français;102.7;Ensemble;255;46.6;10.8;15.5;21.3;21.1;15.3;16.0
2025;03;53;BRETAGNE;Français;110.6;Garçon;256;47.9;11.5;14.9;20.6;20.2;15.3;17.4
2025;03;53;BRETAGNE;Mathématiques;110.6;Garçon;266;53.8;10.0;13.5;17.4;18.2;15.6;25.3
2025;04;24;CENTRE-VAL DE LOIRE;Français;103.5;Ensemble;253;47.1;12.2;16.6;21.2;20.0;14.5;15.5
2025;05;94;CORSE;Français;102.0;Fille;262;46.0;7.4;13.1;20.7;22.1;17.5;19.2
2025;05;94;CORSE;Mathématiques;102.0;Ensemble;256;51.0;12.6;16.9;20.2;18.2;12.8;19.3
2025;06;44;GRAND EST;Français;101.4;Garçon;248;47.3;15.4;17.5;21.1;19.2;13.3;13.6
2025;08;03;GUYANE;Français;81.5;Ensemble;206;48.2;53.1;17.3;11.8;8.3;5.0;4.4
2025;08;03;GUYANE;Mathématiques;81.5;Ensemble;200;44.2;59.4;17.7;10.5;6.1;3.4;2.9
2025;08;03;GUYANE;Mathématiques;81.5;Garçon;201;47.5;58.3;17.9;9.4;6.6;3.8;3.9
2025;10;11;ILE-DE-FRANCE;Français;112.6;Fille;267;51.9;8.5;13.2;18.3;19.4;16.3;24.2
2025;10;11;ILE-DE-FRANCE;Mathématiques;112.6;Ensemble;255;55.8;15.6;17.3;18.0;15.8;12.6;20.6
2025;10;11;ILE-DE-FRANCE;Mathématiques;112.6;Fille;250;52.7;16.7;19.1;19.2;15.9;12.0;17.1
2025;11;04;LA REUNION;Français;89.6;Fille;248;47.2;14.8;19.4;21.6;17.9;12.7;13.5
2025;12;02;MARTINIQUE;Mathématiques;100.9;Fille;233;47.5;26.0;22.1;19.0;14.1;9.2;9.5
2025;13;06;MAYOTTE;Français;69.8;Fille;192;38.4;65.1;17.6;9.8;4.2;1.9;1.3
2025;13;06;MAYOTTE;Mathématiques;69.8;Fille;183;35.1;75.2;15.4;6.1;2.2;0.8;0.4
2025;14;28;NORMANDIE;Mathématiques;103.4;Fille;244;47.6;17.4;20.6;20.8;17.1;11.6;12.4
2025;14;28;NORMANDIE;Mathématiques;103.4;Garçon;254;52.5;14.7;17.0;18.9;17.3;13.2;18.9
2025;15;75;NOUVELLE-AQUITAINE;Mathématiques;108.3;Ensemble;257;52.3;12.9;16.4;18.7;17.6;14.1;20.4
2025;16;76;OCCITANIE;Français;107.3;Ensemble;258;49.2;11.3;14.8;20.1;20.0;15.2;18.6
2025;16;76;OCCITANIE;Mathématiques;107.3;Fille;251;50.5;14.9;18.4;20.3;17.5;12.7;16.4
2025;18;93;PROVENCE-ALPES-COTE D'AZUR;Mathématiques;105.4;Ensemble;253;52.2;14.7;17.6;19.2;17.4;13.1;18.1
2025;;;NATIONAL;Français;106.2;Ensemble;256;49.7;12.6;15.4;19.9;19.5;14.8;17.8
2025;;;NATIONAL;Mathématiques;106.2;Ensemble;254;53.3;15.2;17.3;18.7;16.8;13.1;18.9
2017;02;27;BOURGOGNE-FRANCHE-COMTE;Français;102.1;Ensemble;253;47.8;11.0;18.1;21.6;19.3;14.2;15.9
2017;02;27;BOURGOGNE-FRANCHE-COMTE;Français;102.1;Fille;259;47.9;8.3;15.8;21.0;20.2;15.8;18.9
2017;02;27;BOURGOGNE-FRANCHE-COMTE;Mathématiques;102.1;Fille;251;46.3;10.0;18.4;23.8;20.1;13.7;14.0
2017;03;53;BRETAGNE;Français;108.4;Garçon;251;46.7;11.3;18.1;22.5;19.3;14.1;14.7
2017;05;94;CORSE;Mathématiques;100.5;Ensemble;242;47.7;14.3;21.3;24.4;18.5;11.0;10.5
2017;06;44;GRAND EST;Français;100.3;Garçon;245;47.2;14.9;21.1;21.6;18.0;12.2;12.2
2017;06;44;GRAND EST;Mathématiques;100.3;Fille;250;47.1;10.8;18.5;23.9;19.8;13.4;13.6
2017;07;01;GUADELOUPE;Français;88.8;Garçon;222;48.0;33.4;23.1;18.3;11.5;7.6;6.1
2017;08;03;GUYANE;Français;72.0;Fille;205;54.5;47.7;19.8;13.8;8.6;5.7;4.4
2017;08;03;GUYANE;Mathématiques;72.0;Ensemble;196;49.4;56.6;20.0;11.6;6.0;3.1;2.7
2017;09;32;HAUTS-DE-FRANCE;Français;96.3;Ensemble;242;46.3;15.9;22.1;22.3;17.2;11.3;11.1
2017;09;32;HAUTS-DE-FRANCE;Français;96.3;Fille;248;46.5;12.6;20.6;22.5;18.3;12.7;13.3
2017;10;11;ILE-DE-FRANCE;Français;111.0;Ensemble;256;51.9;11.4;16.7;19.5;18.1;14.6;19.6
2017;13;06;MAYOTTE;Mathématiques;68.8;Fille;171;49.0;77.8;13.3;5.0;2.5;0.9;0.5
2017;14;28;NORMANDIE;Mathématiques;101.7;Garçon;249;48.0;12.6;18.5;22.5;19.0;13.2;14.2
2017;16;76;OCCITANIE;Mathématiques;105.1;Garçon;253;52.6;11.7;16.8;21.5;19.5;14.0;16.6
2017;17;52;PAYS DE LA LOIRE;Français;107.2;Ensemble;253;48.1;11.0;17.3;21.2;19.6;14.7;16.2
2018;01;84;AUVERGNE-RHONE-ALPES;Mathématiques;107.3;Ensemble;254;48.1;10.7;16.1;21.6;20.4;14.8;16.4
2018;02;27;BOURGOGNE-FRANCHE-COMTE;Mathématiques;101.9;Fille;248;42.6;10.7;19.0;24.8;21.2;13.6;10.8
2018;02;27;BOURGOGNE-FRANCHE-COMTE;Mathématiques;101.9;Garçon;256;49.3;10.8;16.1;20.2;19.6;15.2;18.1
2018;03;53;BRETAGNE;Français;108.6;Ensemble;261;49.1;8.3;14.7;21.2;19.8;15.4;20.7
2018;04;24;CENTRE-VAL DE LOIRE;Français;103.4;Garçon;249;46.4;11.8;19.3;24.0;18.8;12.0;14.1
2018;05;94;CORSE;Mathématiques;100.5;Ensemble;241;50.5;17.6;20.3;20.9;17.8;12.0;11.4
2018;06;44;GRAND EST;Français;100.4;Fille;259;48.8;8.7;15.1;22.1;20.4;14.6;19.1
2018;06;44;GRAND EST;Mathématiques;100.4;Garçon;255;51.3;12.5;15.6;19.7;19.0;14.9;18.3
2018;07;01;GUADELOUPE;Français;88.3;Fille;235;47.6;22.1;21.8;22.9;14.5;8.4;10.3
2018;07;01;GUADELOUPE;Français;88.3;Garçon;224;46.4;30.6;24.6;19.2;12.8;6.6;6.2
2018;09;32;HAUTS-DE-FRANCE;Français;96.6;Ensemble;247;47.1;13.4;20.0;23.4;17.9;12.0;13.4
2018;10;11;ILE-DE-FRANCE;Mathématiques;110.7;Ensemble;250;51.6;14.4;18.2;20.3;17.7;13.0;16.3
2018;14;28;NORMANDIE;Français;101.7;Fille;257;48.7;9.2;16.7;22.3;19.5;14.3;18.1
2018;15;75;NOUVELLE-AQUITAINE;Mathématiques;105.8;Garçon;254;50.8;12.3;15.6;20.1;19.1;15.3;17.6
2018;17;52;PAYS DE LA LOIRE;Français;107.2;Ensemble;254;49.8;11.7;17.2;21.4;18.5;13.7;17.6
2018;18;93;PROVENCE-ALPES-COTE D'AZUR;Français;104.0;Ensemble;254;49.5;11.5;16.7;21.8;19.0;13.7;17.3
2018;18;93;PROVENCE-ALPES-COTE D'AZUR;Français;104.0;Garçon;249;48.3;13.7;18.7;22.3;18.4;12.5;14.4
2018;;;NATIONAL;Français;;Garçon;248;49.0;14.0;18.9;22.2;17.7;12.4;14.8
2018;;;NATIONAL;Mathématiques;;Ensemble;249;48.7;13.4;17.9;21.7;19.2;13.4;14.3
2019;01;84;AUVERGNE-RHONE-ALPES;Français;107.3;Fille;266;47.1;8.0;11.8;16.7;19.8;19.3;24.4
2019;01;84;AUVERGNE-RHONE-ALPES;Mathématiques;107.3;Garçon;256;54.7;15.1;15.3;17.4;17.0;13.9;21.3
2019;03;53;BRETAGNE;Français;108.5;Garçon;254;47.3;12.8;15.1;18.8;19.3;16.4;17.6
2019;04;24;CENTRE-VAL DE LOIRE;Mathématiques;103.5;Ensemble;248;48.9;14.9;18.6;20.9;18.1;12.5;15.1
2019;05;94;CORSE;Français;100.8;Ensemble;252;48.8;13.8;16.4;18.7;19.0;15.9;16.2
2019;05;94;CORSE;Français;100.8;Garçon;246;51.3;17.3;16.5;18.9;19.4;13.7;14.3
2019;07;01;GUADELOUPE;Français;88.5;Ensemble;238;50.1;24.1;18.0;17.6;15.4;12.6;12.3
2019;07;01;GUADELOUPE;Mathématiques;88.5;Fille;230;46.1;26.9;22.0;21.2;13.8;8.1;8.0
2019;07;01;GUADELOUPE;Mathématiques;88.5;Garçon;223;50.9;36.3;18.6;17.1;12.0;8.1;8.0
2019;08;03;GUYANE;Français;72.6;Ensemble;210;53.3;44.0;19.1;14.5;10.8;6.0;5.6
2019;08;03;GUYANE;Français;72.6;Garçon;202;52.7;51.5;18.7;11.8;8.8;4.9;4.3
2019;08;03;GUYANE;Mathématiques;72.6;Fille;204;46.5;49.7;22.2;12.8;8.2;3.6;3.5
2019;09;32;HAUTS-DE-FRANCE;Mathématiques;97.0;Garçon;243;52.3;20.8;18.6;18.3;15.9;11.8;14.7
2019;10;11;ILE-DE-FRANCE;Français;110.7;Ensemble;258;50.4;12.5;13.9;16.9;18.1;16.9;21.7
2019;10;11;ILE-DE-FRANCE;Mathématiques;110.7;Ensemble;250;54.1;17.2;17.5;18.5;16.2;12.5;18.1
2019;11;04;LA REUNION;Français;82.8;Fille;251;47.5;14.7;16.8;18.7;18.2;14.7;16.9
2019;11;04;LA REUNION;Mathématiques;82.8;Garçon;232;52.4;29.7;20.2;17.5;12.8;8.7;11.1
2019;12;02;MARTINIQUE;Mathématiques;93.3;Ensemble;229;51.0;30.5;20.3;17.5;13.7;8.6;9.4
2019;13;06;MAYOTTE;Mathématiques;68.1;Fille;174;48.3;73.6;16.2;5.4;3.1;1.0;0.7
2019;14;28;NORMANDIE;Mathématiques;101.9;Fille;244;46.3;16.4;19.7;21.4;17.9;12.6;12.0
2019;15;75;NOUVELLE-AQUITAINE;Mathématiques;106.0;Fille;250;47.9;13.8;17.4;21.1;19.0;13.7;15.1
2019;15;75;NOUVELLE-AQUITAINE;Mathématiques;106.0;Garçon;253;53.7;15.7;16.1;17.7;17.0;13.6;19.8
2019;16;76;OCCITANIE;Mathématiques;105.3;Ensemble;251;52.1;15.8;16.7;19.3;17.3;13.5;17.4
2019;16;76;OCCITANIE;Mathématiques;105.3;Fille;249;48.9;14.5;17.7;20.9;18.4;13.4;15.1
2019;16;76;OCCITANIE;Mathématiques;105.3;Garçon;252;55.1;17.0;15.8;17.7;16.3;13.6;19.6
2020;02;27;BOURGOGNE-FRANCHE-COMTE;Français;102.4;Ensemble;262;45.8;7.7;13.8;20.2;21.4;16.7;20.3
2020;03;53;BRETAGNE;Français;108.2;Fille;274;46.1;4.2;9.1;17.0;21.2;20.6;27.9
2020;04;24;CENTRE-VAL DE LOIRE;Mathématiques;103.5;Ensemble;253;49.4;13.2;17.0;19.9;18.7;13.8;17.4
2020;04;24;CENTRE-VAL DE LOIRE;Mathématiques;103.5;Garçon;255;51.8;14.0;15.7;18.2;18.2;14.3;19.7
2020;06;44;GRAND EST;Français;100.9;Fille;266;47.4;7.0;12.5;19.0;20.1;17.8;23.5
2020;07;01;GUADELOUPE;Français;88.8;Ensemble;241;48.4;20.9;18.9;19.4;16.0;12.8;12.0
2020;07;01;GUADELOUPE;Mathématiques;88.8;Garçon;221;50.8;37.3;19.5;15.5;11.9;8.4;7.5
2020;08;03;GUYANE;Mathématiques;71.4;Garçon;191;49.7;66.3;14.1;7.8;5.3;3.1;3.5
2020;09;32;HAUTS-DE-FRANCE;Mathématiques;97.2;Ensemble;244;49.9;19.0;18.5;19.4;16.9;12.1;14.0
2020;10;11;ILE-DE-FRANCE;Mathématiques;110.6;Garçon;256;56.4;16.3;14.9;16.4;16.2;13.9;22.3
2020;12;02;MARTINIQUE;Français;91.9;Garçon;234;48.5;25.7;20.1;18.7;14.9;10.3;10.3
2020;12;02;MARTINIQUE;Mathématiques;91.9;Ensemble;226;49.0;31.8;20.4;18.7;12.6;8.4;8.1
2020;12;02;MARTINIQUE;Mathématiques;91.9;Fille;230;46.6;26.8;22.3;20.9;13.7;8.4;8.0
2020;13;06;MAYOTTE;Mathématiques;68.1;Fille;174;39.4;78.3;12.8;5.2;2.2;0.8;0.6
2020;14;28;NORMANDIE;Français;101.6;Fille;263;45.9;7.3;13.6;19.7;20.8;17.6;21.0
2020;14;28;NORMANDIE;Mathématiques;101.6;Fille;247;46.3;15.2;18.5;22.0;18.4;13.2;12.7
2020;15;75;NOUVELLE-AQUITAINE;Français;106.1;Fille;271;47.6;5.8;10.8;17.7;20.3;18.9;26.4
2020;16;76;OCCITANIE;Mathématiques;105.3;Ensemble;257;51.6;12.9;15.0;18.8;18.3;15.1;19.9
2020;16;76;OCCITANIE;Mathématiques;105.3;Garçon;259;53.9;13.3;13.9;17.1;17.8;15.5;22.4
2020;17;52;PAYS DE LA LOIRE;Français;107.4;Garçon;257;45.5;9.3;14.7;21.1;21.1;15.8;18.0
2020;17;52;PAYS DE LA LOIRE;Mathématiques;107.4;Ensemble;260;50.5;11.1;13.7;18.4;19.3;16.1;21.3
2020;17;52;PAYS DE LA LOIRE;Mathématiques;107.4;Garçon;263;52.9;11.6;12.7;16.7;18.2;16.5;24.3
2020;18;93;PROVENCE-ALPES-COTE D'AZUR;Français;104.0;Ensemble;261;47.3;8.6;14.0;19.7;20.7;16.4;20.6
2020;18;93;PROVENCE-ALPES-COTE D'AZUR;Français;104.0;Garçon;255;46.5;10.8;16.0;21.0;20.5;14.9;16.9
2020;;;NATIONAL;Français;;Ensemble;261;48.3;9.2;13.8;19.5;19.9;16.6;21.1
2021;02;27;BOURGOGNE-FRANCHE-COMTE;Français;102.8;Fille;267;44.8;5.3;12.2;19.1;22.1;18.7;22.6
2021;03;53;BRETAGNE;Français;108.5;Ensemble;267;44.9;5.4;11.8;20.1;21.8;18.5;22.4
2021;03;53;BRETAGNE;Français;108.5;Garçon;260;44.1;7.1;13.8;21.9;21.7;17.1;18.4
2021;03;53;BRETAGNE;Mathématiques;108.5;Garçon;265;52.8;10.5;12.5;16.9;17.9;17.4;24.8
2021;04;24;CENTRE-VAL DE LOIRE;Français;103.7;Ensemble;260;44.2;7.1;14.5;22.0;21.4;16.7;18.3
2021;04;24;CENTRE-VAL DE LOIRE;Français;103.7;Fille;267;44.3;4.8;11.6;20.6;22.1;18.5;22.4
2021;04;24;CENTRE-VAL DE LOIRE;Mathématiques;103.7;Fille;250;47.2;13.4;18.6;21.7;18.7;13.4;14.3
2021;05;94;CORSE;Français;101.0;Ensemble;261;45.3;7.3;13.7;22.1;20.6;16.6;19.8
2021;05;94;CORSE;Mathématiques;101.0;Ensemble;248;51.3;16.1;17.7;21.4;16.7;13.1;15.0
2021;06;44;GRAND EST;Français;101.3;Fille;266;45.5;6.3;12.0;20.1;21.3;17.9;22.4
2021;06;44;GRAND EST;Mathématiques;101.3;Ensemble;254;51.9;14.4;16.0;18.8;18.0;14.2;18.6
2021;08;03;GUYANE;Mathématiques;71.7;Ensemble;198;46.1;59.6;17.3;10.7;5.7;3.6;3.1
2021;08;03;GUYANE;Mathématiques;71.7;Fille;197;41.5;58.9;20.5;10.9;5.1;2.4;2.2
2021;09;32;HAUTS-DE-FRANCE;Français;97.8;Ensemble;253;44.9;10.6;16.8;22.3;20.1;14.9;15.4
2021;09;32;HAUTS-DE-FRANCE;Français;97.8;Garçon;247;43.9;13.2;18.5;23.4;19.5;13.1;12.4
2021;10;11;ILE-DE-FRANCE;Français;110.8;Ensemble;267;48.8;7.2;12.7;18.9;19.7;16.9;24.6
2021;10;11;ILE-DE-FRANCE;Français;110.8;Fille;274;48.4;4.9;10.5;17.4;20.0;18.4;28.9
2021;10;11;ILE-DE-FRANCE;Français;110.8;Garçon;260;48.2;9.4;14.9;20.3;19.5;15.4;20.5
2021;11;04;LA REUNION;Français;85.1;Ensemble;247;45.9;14.4;19.7;21.9;17.6;12.9;13.5
2021;12;02;MARTINIQUE;Français;92.1;Ensemble;249;47.4;15.6;16.3;20.0;18.7;14.8;14.6
2021;12;02;MARTINIQUE;Mathématiques;92.1;Fille;231;46.4;26.3;21.9;20.0;14.5;9.0;8.3
2021;13;06;MAYOTTE;Français;68.4;Ensemble;190;42.2;65.7;16.5;9.2;5.1;2.3;1.3
2021;14;28;NORMANDIE;Mathématiques;101.9;Ensemble;249;49.8;15.9;17.7;19.6;17.8;13.3;15.8
2021;15;75;NOUVELLE-AQUITAINE;Français;106.5;Ensemble;264;46.1;7.2;12.9;20.1;20.9;17.6;21.4
2021;16;76;OCCITANIE;Français;105.7;Ensemble;262;46.4;7.7;13.5;20.4;20.9;16.8;20.6
2021;16;76;OCCITANIE;Français;105.7;Fille;269;46.6;5.7;11.2;18.7;21.1;18.6;24.7
2021;18;93;PROVENCE-ALPES-COTE D'AZUR;Français;104.1;Ensemble;262;45.9;7.7;13.4;20.9;21.3;16.6;20.0
2021;18;93;PROVENCE-ALPES-COTE D'AZUR;Français;104.1;Fille;268;45.7;5.6;11.4;19.5;21.5;18.2;23.7
2021;;;NATIONAL;Français;;Garçon;255;46.0;10.5;15.8;21.7;20.3;15.0;16.6
2021;;;NATIONAL;Mathématiques;;Ensemble;254;53.1;15.1;16.1;18.5;17.4;13.9;19.0
2022;02;27;BOURGOGNE-FRANCHE-COMTE;Mathématiques;102.0;Fille;250;47.3;13.7;18.9;21.9;18.3;12.9;14.4
2022;03;53;BRETAGNE;Français;109.6;Ensemble;262;45.6;7.8;14.2;19.4;21.0;17.3;20.4
2022;03;53;BRETAGNE;Français;109.6;Fille;269;45.9;5.9;11.8;17.8;20.9;18.8;24.8
2022;05;94;CORSE;Français;102.3;Garçon;251;45.1;12.3;18.8;21.8;19.1;15.3;12.8
2022;05;94;CORSE;Mathématiques;102.3;Ensemble;252;49.0;12.9;18.5;19.8;18.9;14.5;15.4
2022;07;01;GUADELOUPE;Français;96.4;Fille;245;46.7;17.4;19.1;20.9;16.7;12.4;13.5
2022;07;01;GUADELOUPE;Mathématiques;96.4;Fille;225;44.5;33.3;24.6;16.8;11.1;7.7;6.5
2022;07;01;GUADELOUPE;Mathématiques;96.4;Garçon;227;49.5;34.1;20.6;17.3;11.4;7.4;9.2
2022;09;32;HAUTS-DE-FRANCE;Français;98.4;Garçon;244;43.9;15.7;20.3;22.4;17.9;12.5;11.1
2022;11;04;LA REUNION;Mathématiques;87.5;Ensemble;233;48.7;27.0;22.9;18.4;12.9;8.6;10.2
2022;13;06;MAYOTTE;Mathématiques;73.7;Ensemble;182;35.4;76.9;14.3;5.2;2.2;0.9;0.6
2022;14;28;NORMANDIE;Français;102.5;Fille;257;46.0;9.7;16.5;20.8;19.7;15.5;17.9
2022;16;76;OCCITANIE;Français;106.7;Garçon;251;45.5;12.3;17.6;21.7;19.5;14.2;14.7
2022;16;76;OCCITANIE;Mathématiques;106.7;Ensemble;256;51.8;13.1;16.9;19.4;17.7;13.7;19.2
2022;18;93;PROVENCE-ALPES-COTE D'AZUR;Français;105.3;Fille;264;47.2;7.9;13.8;18.5;20.3;17.2;22.3
2022;18;93;PROVENCE-ALPES-COTE D'AZUR;Mathématiques;105.3;Garçon;258;53.1;12.8;15.9;18.6;17.5;14.3;21.0
2022;;;NATIONAL;Mathématiques;;Garçon;258;54.4;13.9;15.9;17.9;16.9;13.8;21.6
2023;01;84;AUVERGNE-RHONE-ALPES;Mathématiques;109.0;Ensemble;260;53.2;11.6;15.9;18.6;17.8;14.4;21.8
2023;01;84;AUVERGNE-RHONE-ALPES;Mathématiques;109.0;Garçon;266;55.4;10.6;14.1;17.3;17.4;15.0;25.6
2023;02;27;BOURGOGNE-FRANCHE-COMTE;Français;102.4;Garçon;249;44.5;12.6;18.6;23.3;19.7;13.3;12.6
2023;02;27;BOURGOGNE-FRANCHE-COMTE;Mathématiques;102.4;Garçon;261;52.6;11.5;15.3;18.6;18.4;14.6;21.6
2023;03;53;BRETAGNE;Français;110.6;Ensemble;262;46.7;7.9;14.0;19.9;20.7;17.2;20.2
2023;03;53;BRETAGNE;Mathématiques;110.6;Fille;255;48.5;11.2;17.5;20.8;18.8;14.5;17.2
2023;05;94;CORSE;Français;101.7;Fille;263;46.7;6.6;15.4;20.3;21.0;17.0;19.6
2023;06;44;GRAND EST;Français;101.0;Fille;262;47.3;8.3;14.3;20.0;20.1;16.6;20.6
2023;06;44;GRAND EST;Mathématiques;101.0;Garçon;261;54.0;12.3;15.2;18.2;17.8;14.2;22.4
2023;07;01;GUADELOUPE;Mathématiques;96.8;Garçon;230;51.8;31.3;21.4;16.8;11.7;8.4;10.4
2023;08;03;GUYANE;Français;81.9;Fille;214;48.8;44.9;18.9;15.3;9.3;5.6;6.1
2023;11;04;LA REUNION;Français;88.3;Ensemble;244;47.1;17.4;20.5;20.4;17.3;12.0;12.4
2023;11;04;LA REUNION;Mathématiques;88.3;Ensemble;235;48.9;25.5;23.3;18.9;13.0;9.1;10.3
2023;11;04;LA REUNION;Mathématiques;88.3;Garçon;237;51.5;25.5;21.3;18.0;13.0;10.1;12.1
2023;12;02;MARTINIQUE;Français;101.3;Ensemble;245;47.7;18.0;18.7;19.9;17.8;12.7;12.9
2023;13;06;MAYOTTE;Mathématiques;70.0;Ensemble;183;38.4;74.4;15.6;5.4;2.4;1.1;0.9
2023;13;06;MAYOTTE;Mathématiques;70.0;Fille;184;36.5;72.9;17.0;5.7;2.5;1.1;0.7
2023;14;28;NORMANDIE;Français;103.0;Garçon;244;44.9;15.9;20.1;22.4;18.2;12.1;11.3
2023;16;76;OCCITANIE;Mathématiques;107.2;Ensemble;257;52.7;12.9;16.3;19.0;17.6;14.0;20.2
2023;16;76;OCCITANIE;Mathématiques;107.2;Fille;252;49.8;14.0;18.2;20.4;17.7;13.2;16.6
2023;16;76;OCCITANIE;Mathématiques;107.2;Garçon;263;54.8;11.8;14.6;17.6;17.5;14.9;23.7
2023;17;52;PAYS DE LA LOIRE;Français;108.8;Garçon;252;45.4;12.0;17.3;21.8;19.9;14.3;14.7
2023;;;NATIONAL;Mathématiques;;Ensemble;254;53.0;14.8;17.3;19.0;17.0;13.1;18.9
2024;01;84;AUVERGNE-RHONE-ALPES;Français;109.1;Ensemble;261;49.1;9.6;13.8;19.6;20.7;16.2;20.1
2024;03;53;BRETAGNE;Mathématiques;110.7;Garçon;265;52.9;9.6;14.2;17.6;18.1;15.6;24.9
2024;04;24;CENTRE-VAL DE LOIRE;Français;103.5;Fille;261;47.0;8.4;14.1;21.4;21.6;15.8;18.7
2024;04;24;CENTRE-VAL DE LOIRE;Mathématiques;103.5;Ensemble;251;50.9;14.6;18.6;20.3;17.2;12.4;16.9
2024;05;94;CORSE;Français;101.3;Fille;265;45.3;6.5;10.9;20.1;24.4;17.8;20.3
2024;06;44;GRAND EST;Français;101.3;Fille;260;47.2;9.0;14.3;20.6;21.4;16.4;18.3
2024;06;44;GRAND EST;Mathématiques;101.3;Garçon;261;53.9;12.0;15.7;17.9;17.5;14.4;22.5
2024;07;01;GUADELOUPE;Français;96.9;Fille;244;48.5;18.6;19.7;19.8;17.9;11.9;12.1
2024;09;32;HAUTS-DE-FRANCE;Français;99.6;Garçon;245;45.6;15.8;18.9;21.8;19.6;12.2;11.7
2024;09;32;HAUTS-DE-FRANCE;Mathématiques;99.6;Fille;243;47.2;18.4;21.4;20.7;16.6;10.9;12.0
2024;10;11;ILE-DE-FRANCE;Français;112.7;Fille;268;51.6;7.8;12.9;18.3;19.8;16.6;24.6
2024;10;11;ILE-DE-FRANCE;Mathématiques;112.7;Garçon;261;58.5;14.3;15.5;17.1;15.8;13.0;24.3
2024;14;28;NORMANDIE;Français;103.3;Ensemble;251;46.8;13.4;17.1;21.8;20.2;13.4;14.1
2024;14;28;NORMANDIE;Mathématiques;103.3;Fille;244;47.3;17.3;20.9;21.5;16.9;11.0;12.4
2024;15;75;NOUVELLE-AQUITAINE;Français;108.2;Garçon;255;48.3;12.4;15.6;20.4;19.8;14.7;17.0
2024;15;75;NOUVELLE-AQUITAINE;Mathématiques;108.2;Garçon;263;54.8;11.7;14.4;17.4;17.9;14.5;24.1
2024;17;52;PAYS DE LA LOIRE;Mathématiques;109.1;Fille;252;48.8;13.5;18.3;20.4;18.0;13.7;16.1
2024;18;93;PROVENCE-ALPES-COTE D'AZUR;Mathématiques;105.4;Ensemble;254;52.8;14.4;17.2;19.0;17.1;13.4;18.8
2024;;;NATIONAL;Mathématiques;;Garçon;259;55.6;13.7;15.4;17.7;16.9;13.7;22.5
2025;01;84;AUVERGNE-RHONE-ALPES;Mathématiques;109.2;Ensemble;259;53.3;12.3;15.9;18.4;17.7;14.0;21.6
2025;01;84;AUVERGNE-RHONE-ALPES;Mathématiques;109.2;Garçon;265;55.5;11.2;14.1;17.0;17.5;14.5;25.7
2025;02;27;BOURGOGNE-FRANCHE-COMTE;Mathématiques;102.7;Ensemble;255;50.9;12.9;17.1;19.7;18.1;13.7;18.5
2025;02;27;BOURGOGNE-FRANCHE-COMTE;Mathématiques;102.7;Garçon;261;53.0;11.7;15.5;18.2;17.6;14.7;22.3
2025;03;53;BRETAGNE;Mathématiques;110.6;Fille;255;48.4;11.7;17.2;20.6;18.8;14.6;17.1
2025;05;94;CORSE;Mathématiques;102.0;Fille;249;48.5;14.8;19.3;20.7;18.3;11.9;15.0
2025;06;44;GRAND EST;Mathématiques;101.4;Garçon;261;54.0;12.3;15.1;18.1;17.1;15.1;22.2
2025;07;01;GUADELOUPE;Français;96.4;Fille;244;48.7;19.8;18.2;19.6;16.7;12.2;13.5
2025;07;01;GUADELOUPE;Mathématiques;96.4;Ensemble;231;50.7;30.3;21.5;17.5;12.5;8.3;9.9
2025;07;01;GUADELOUPE;Mathématiques;96.4;Fille;228;48.2;31.2;22.6;18.3;11.4;7.9;8.7
2025;07;01;GUADELOUPE;Mathématiques;96.4;Garçon;233;52.9;29.4;20.5;16.7;13.7;8.7;11.1
2025;08;03;GUYANE;Français;81.5;Fille;210;48.7;48.3;18.8;12.7;9.7;5.5;5.0
2025;09;32;HAUTS-DE-FRANCE;Mathématiques;99.8;Ensemble;249;50.3;16.2;18.9;19.9;17.0;12.3;15.6
2025;09;32;HAUTS-DE-FRANCE;Mathématiques;99.8;Fille;243;47.3;18.1;21.0;20.8;16.8;11.2;12.0
2025;09;32;HAUTS-DE-FRANCE;Mathématiques;99.8;Garçon;255;52.3;14.4;16.9;19.1;17.2;13.3;19.1
2025;12;02;MARTINIQUE;Français;100.9;Fille;252;49.1;14.3;15.7;21.4;18.0;14.0;16.6
2025;12;02;MARTINIQUE;Français;100.9;Garçon;235;49.3;26.3;18.9;19.5;15.1;10.1;10.1
2025;12;02;MARTINIQUE;Mathématiques;100.9;Ensemble;233;49.9;27.7;20.2;18.5;13.7;9.3;10.5
2025;13;06;MAYOTTE;Mathématiques;69.8;Garçon;183;40.9;75.6;13.2;5.9;2.9;1.3;1.0
2025;14;28;NORMANDIE;Français;103.4;Garçon;245;46.8;17.0;19.0;20.9;18.5;12.6;12.0
2025;15;75;NOUVELLE-AQUITAINE;Mathématiques;108.3;Fille;251;49.2;13.9;18.5;20.4;17.7;13.2;16.3
2025;17;52;PAYS DE LA LOIRE;Mathématiques;109.2;Ensemble;258;52.4;12.1;16.4;18.8;17.5;14.2;21.0
2025;18;93;PROVENCE-ALPES-COTE D'AZUR;Français;105.4;Ensemble;255;48.2;11.7;15.6;20.7;20.2;15.0;16.9
2025;;;NATIONAL;Français;106.2;Garçon;250;49.4;15.4;16.7;20.3;18.8;13.5;15.3
2017;01;84;AUVERGNE-RHONE-ALPES;Français;107.5;Garçon;249;48.2;13.4;18.7;21.6;18.6;13.5;14.2
2017;01;84;AUVERGNE-RHONE-ALPES;Mathématiques;107.5;Garçon;257;50.6;10.1;15.9;21.5;19.5;14.7;18.4
2017;02;27;BOURGOGNE-FRANCHE-COMTE;Français;102.1;Garçon;247;47.0;13.5;20.3;22.1;18.4;12.7;13.1
2017;03;53;BRETAGNE;Mathématiques;108.4;Fille;256;45.2;7.4;15.7;24.1;22.2;15.2;15.5
2017;03;53;BRETAGNE;Mathématiques;108.4;Garçon;260;48.1;8.1;14.1;21.7;21.2;16.1;19.0
2017;04;24;CENTRE-VAL DE LOIRE;Français;103.4;Fille;255;47.0;9.4;17.5;22.4;20.0;14.1;16.6
2017;06;44;GRAND EST;Français;100.3;Ensemble;251;48.6;12.3;19.0;21.2;18.8;13.4;15.3
2017;07;01;GUADELOUPE;Français;88.8;Ensemble;230;50.5;27.6;21.7;18.9;13.8;9.3;8.6
2017;07;01;GUADELOUPE;Mathématiques;88.8;Ensemble;224;48.1;30.6;23.7;19.6;12.2;7.6;6.3
2017;10;11;ILE-DE-FRANCE;Français;111.0;Garçon;250;51.0;14.0;18.5;20.1;17.7;13.5;16.2
2017;11;04;LA REUNION;Français;82.5;Ensemble;233;46.2;23.3;25.2;20.3;14.1;8.4;8.7
2017;11;04;LA REUNION;Mathématiques;82.5;Fille;230;44.5;23.4;26.8;21.1;13.4;8.2;7.1
2017;12;02;MARTINIQUE;Mathématiques;92.8;Ensemble;227;47.9;28.1;24.6;19.8;12.9;7.4;7.2
2017;12;02;MARTINIQUE;Mathématiques;92.8;Fille;227;46.7;27.1;25.4;19.8;13.9;7.2;6.7
2017;13;06;MAYOTTE;Français;68.8;Ensemble;174;51.1;74.5;14.6;6.6;2.4;1.1;0.9
2017;13;06;MAYOTTE;Français;68.8;Fille;177;52.8;70.4;16.3;7.8;2.8;1.4;1.3
2017;14;28;NORMANDIE;Français;101.7;Fille;251;48.0;11.0;19.4;21.8;18.9;13.9;15.0
2017;14;28;NORMANDIE;Mathématiques;101.7;Ensemble;248;46.5;12.6;19.2;23.5;19.4;12.8;12.7
2017;14;28;NORMANDIE;Mathématiques;101.7;Fille;246;44.7;12.5;19.9;24.5;19.8;12.3;11.1
2017;16;76;OCCITANIE;Français;105.1;Ensemble;249;50.3;13.2;18.6;21.5;18.5;13.3;14.9
2017;16;76;OCCITANIE;Français;105.1;Fille;255;50.3;10.5;16.6;21.1;19.4;14.8;17.7
2017;16;76;OCCITANIE;Mathématiques;105.1;Ensemble;251;50.8;11.7;17.8;22.6;19.5;13.3;15.0
2017;17;52;PAYS DE LA LOIRE;Mathématiques;107.2;Fille;254;47.0;9.6;16.7;23.4;20.6;14.4;15.3
2017;;;NATIONAL;Mathématiques;;Fille;248;48.2;12.6;18.9;23.2;19.2;12.8;13.4
2017;;;NATIONAL;Mathématiques;;Garçon;252;51.6;12.7;17.2;21.3;18.7;13.6;16.5
2018;02;27;BOURGOGNE-FRANCHE-COMTE;Mathématiques;101.9;Ensemble;252;46.4;10.8;17.5;22.4;20.4;14.4;14.6
2018;03;53;BRETAGNE;Français;108.6;Fille;268;49.5;6.2;12.1;20.0;20.3;16.8;24.6
2018;03;53;BRETAGNE;Mathématiques;108.6;Fille;252;42.0;8.5;16.9;24.4;22.8;14.9;12.5
2018;03;53;BRETAGNE;Mathématiques;108.6;Garçon;260;48.7;9.4;14.2;19.4;20.7;17.0;19.4
2018;04;24;CENTRE-VAL DE LOIRE;Mathématiques;103.4;Ensemble;250;45.9;11.1;18.7;23.3;20.2;13.6;13.1
2018;04;24;CENTRE-VAL DE LOIRE;Mathématiques;103.4;Fille;245;41.7;10.8;21.0;25.5;20.6;12.7;9.5
2018;05;94;CORSE;Français;100.5;Fille;261;52.8;9.1;13.8;20.6;19.9;16.1;20.6
2018;05;94;CORSE;Mathématiques;100.5;Garçon;243;55.3;19.8;17.5;18.7;17.4;12.1;14.4
2018;06;44;GRAND EST;Français;100.4;Garçon;249;47.5;12.8;19.0;23.0;18.2;12.8;14.3
2018;07;01;GUADELOUPE;Français;88.3;Ensemble;229;47.4;26.4;23.2;21.1;13.6;7.5;8.2
2018;08;03;GUYANE;Français;72.7;Fille;216;49.6;35.8;25.6;18.0;10.1;5.0;5.4
2018;09;32;HAUTS-DE-FRANCE;Mathématiques;96.6;Garçon;247;50.3;16.0;18.5;20.3;18.2;12.8;14.2
2018;10;11;ILE-DE-FRANCE;Français;110.7;Garçon;252;51.2;13.3;17.6;21.4;17.4;13.0;17.4
2018;10;11;ILE-DE-FRANCE;Mathématiques;110.7;Garçon;254;55.3;15.2;16.4;18.4;16.9;13.7;19.4
2018;11;04;LA REUNION;Mathématiques;82.7;Ensemble;230;43.8;24.0;25.0;22.9;13.6;7.3;7.1
2018;12;02;MARTINIQUE;Français;92.2;Fille;242;48.2;17.1;22.3;22.1;16.1;10.9;11.6
2018;12;02;MARTINIQUE;Français;92.2;Garçon;228;46.5;28.5;23.2;19.5;12.2;9.6;7.0
2018;13;06;MAYOTTE;Mathématiques;68.1;Fille;172;39.7;80.5;10.8;4.9;2.6;0.8;0.4
2018;13;06;MAYOTTE;Mathématiques;68.1;Garçon;173;38.4;78.7;12.1;6.2;1.6;0.7;0.6
2018;14;28;NORMANDIE;Français;101.7;Garçon;246;46.6;14.5;20.4;23.0;17.7;11.3;13.0
2018;16;76;OCCITANIE;Français;105.3;Fille;259;52.0;10.2;15.6;20.3;19.0;14.5;20.3
2018;17;52;PAYS DE LA LOIRE;Mathématiques;107.2;Ensemble;253;46.7;10.5;16.4;22.4;20.9;14.7;15.0
2018;17;52;PAYS DE LA LOIRE;Mathématiques;107.2;Fille;249;42.6;10.3;18.0;24.9;21.8;13.9;11.1
2019;02;27;BOURGOGNE-FRANCHE-COMTE;Français;102.1;Garçon;249;48.4;15.7;17.1;18.8;18.2;14.7;15.5
2019;02;27;BOURGOGNE-FRANCHE-COMTE;Mathématiques;102.1;Fille;249;46.9;13.2;18.5;21.6;19.2;13.4;14.1
2019;02;27;BOURGOGNE-FRANCHE-COMTE;Mathématiques;102.1;Garçon;251;53.3;16.4;16.6;18.5;16.9;13.3;18.3
2019;06;44;GRAND EST;Français;100.7;Ensemble;254;48.6;13.5;15.3;18.4;18.7;16.2;17.9
2019;06;44;GRAND EST;Français;100.7;Garçon;248;48.9;16.6;17.2;18.7;17.7;14.6;15.2
2019;06;44;GRAND EST;Mathématiques;100.7;Ensemble;249;50.8;16.3;17.7;19.4;17.4;13.1;16.2
2019;08;03;GUYANE;Mathématiques;72.6;Ensemble;202;47.6;53.2;20.2;11.8;7.6;3.6;3.6
2019;09;32;HAUTS-DE-FRANCE;Français;97.0;Fille;254;47.7;12.9;15.8;18.4;19.0;15.8;18.1
2019;09;32;HAUTS-DE-FRANCE;Mathématiques;97.0;Ensemble;242;49.6;19.7;19.8;19.7;16.3;11.6;12.9
2019;10;11;ILE-DE-FRANCE;Français;110.7;Fille;266;48.4;8.6;12.1;16.5;19.1;18.5;25.1
2019;11;04;LA REUNION;Mathématiques;82.8;Fille;235;46.6;22.9;24.2;19.9;14.5;8.7;9.9
2019;12;02;MARTINIQUE;Mathématiques;93.3;Fille;232;48.1;26.1;21.6;19.7;14.6;9.0;8.9
2019;12;02;MARTINIQUE;Mathématiques;93.3;Garçon;225;53.5;34.8;18.9;15.4;12.8;8.2;9.8
2019;13;06;MAYOTTE;Français;68.1;Garçon;176;55.4;71.8;12.2;7.4;4.2;2.6;1.8
2019;16;76;OCCITANIE;Français;105.3;Fille;263;47.8;9.3;12.3;17.6;19.6;18.3;22.9
2019;16;76;OCCITANIE;Français;105.3;Garçon;250;49.6;16.1;16.0;18.3;17.9;15.1;16.6
2019;17;52;PAYS DE LA LOIRE;Mathématiques;107.3;Ensemble;256;50.9;12.6;15.6;19.4;18.7;14.7;19.0
2019;17;52;PAYS DE LA LOIRE;Mathématiques;107.3;Fille;254;47.7;11.3;16.2;21.0;20.0;14.5;16.9
2019;18;93;PROVENCE-ALPES-COTE D'AZUR;Français;103.9;Ensemble;255;48.9;13.0;14.9;18.3;18.6;16.4;18.8
2019;18;93;PROVENCE-ALPES-COTE D'AZUR;Mathématiques;103.9;Garçon;248;54.7;18.5;17.0;17.8;16.3;12.6;17.8
2020;01;84;AUVERGNE-RHONE-ALPES;Mathématiques;107.3;Fille;256;48.6;11.3;15.6;20.6;19.2;15.1;18.2
2020;02;27;BOURGOGNE-FRANCHE-COMTE;Français;102.4;Garçon;255;44.9;9.6;15.8;21.8;21.2;15.0;16.6
2020;03;53;BRETAGNE;Français;108.2;Ensemble;268;46.1;5.8;11.3;19.0;21.1;18.9;23.8
2020;03;53;BRETAGNE;Mathématiques;108.2;Fille;258;47.2;9.8;14.4;20.5;20.5;16.2;18.5
2020;03;53;BRETAGNE;Mathématiques;108.2;Garçon;263;51.4;10.6;12.7;17.5;18.5;17.0;23.7
2020;04;24;CENTRE-VAL DE LOIRE;Français;103.5;Garçon;255;44.6;9.5;16.3;22.3;20.6;15.1;16.2
2020;06;44;GRAND EST;Français;100.9;Ensemble;260;47.1;9.2;14.4;20.2;20.1;16.5;19.7
2020;06;44;GRAND EST;Français;100.9;Garçon;254;46.0;11.2;16.2;21.4;20.0;15.2;16.0
2020;06;44;GRAND EST;Mathématiques;100.9;Garçon;255;53.8;15.5;14.5;17.4;17.6;14.6;20.4
2020;09;32;HAUTS-DE-FRANCE;Français;97.2;Fille;258;46.4;9.1;15.5;21.0;20.0;15.9;18.6
2020;10;11;ILE-DE-FRANCE;Mathématiques;110.6;Ensemble;254;53.7;15.3;16.0;18.0;16.9;13.8;20.0
2020;10;11;ILE-DE-FRANCE;Mathématiques;110.6;Fille;252;50.5;14.3;17.3;19.6;17.6;13.6;17.6
2020;11;04;LA REUNION;Français;83.6;Ensemble;246;47.0;16.2;19.9;20.2;17.2;13.0;13.6
2020;11;04;LA REUNION;Français;83.6;Garçon;238;45.6;20.5;22.4;20.3;15.5;10.9;10.4
2020;11;04;LA REUNION;Mathématiques;83.6;Fille;232;45.7;25.6;22.6;20.3;14.9;8.1;8.5
2020;13;06;MAYOTTE;Français;68.1;Fille;191;43.3;63.4;17.3;9.7;5.6;2.4;1.6
2020;17;52;PAYS DE LA LOIRE;Français;107.4;Ensemble;264;46.4;7.3;12.6;19.5;21.1;17.6;21.9
2020;17;52;PAYS DE LA LOIRE;Français;107.4;Fille;271;46.2;5.1;10.4;17.8;21.2;19.5;26.0
2020;;;NATIONAL;Mathématiques;;Ensemble;253;52.1;15.4;15.9;18.7;17.7;14.0;18.3
2021;01;84;AUVERGNE-RHONE-ALPES;Français;107.8;Fille;272;45.8;4.4;10.1;18.1;21.1;19.4;26.9
2021;01;84;AUVERGNE-RHONE-ALPES;Français;107.8;Garçon;259;44.9;8.1;14.6;21.3;21.0;16.5;18.4
2021;01;84;AUVERGNE-RHONE-ALPES;Mathématiques;107.8;Fille;256;49.4;11.5;16.6;20.1;18.8;14.6;18.4
2021;01;84;AUVERGNE-RHONE-ALPES;Mathématiques;107.8;Garçon;264;55.3;12.0;12.8;16.4;17.8;15.7;25.3
2021;02;27;BOURGOGNE-FRANCHE-COMTE;Français;102.8;Ensemble;261;44.6;7.3;14.1;20.9;21.8;17.0;18.9
2021;02;27;BOURGOGNE-FRANCHE-COMTE;Mathématiques;102.8;Garçon;260;53.2;12.8;14.0;17.2;18.2;15.6;22.2
2021;04;24;CENTRE-VAL DE LOIRE;Français;103.7;Garçon;253;43.0;9.3;17.4;23.3;20.8;15.1;14.2
2021;06;44;GRAND EST;Mathématiques;101.3;Fille;250;49.1;14.7;17.8;20.8;18.2;13.2;15.3
2021;08;03;GUYANE;Français;71.7;Ensemble;214;46.3;42.9;19.5;15.7;10.1;6.8;4.9
2021;08;03;GUYANE;Français;71.7;Garçon;210;46.1;48.3;18.3;13.9;9.1;6.2;4.3
2021;09;32;HAUTS-DE-FRANCE;Mathématiques;97.8;Fille;243;47.7;18.3;20.0;20.8;17.0;11.6;12.5
2021;12;02;MARTINIQUE;Français;92.1;Garçon;241;47.2;19.9;18.2;20.8;16.2;13.6;11.3
2021;14;28;NORMANDIE;Français;101.9;Garçon;250;43.6;11.7;18.0;23.0;20.4;13.7;13.2
2021;14;28;NORMANDIE;Mathématiques;101.9;Fille;245;47.1;16.2;19.8;21.2;17.8;12.0;13.1
2021;14;28;NORMANDIE;Mathématiques;101.9;Garçon;253;52.0;15.6;15.6;18.0;17.8;14.5;18.4
2021;15;75;NOUVELLE-AQUITAINE;Français;106.5;Fille;270;46.0;5.4;10.8;18.3;21.0;19.3;25.2
2021;15;75;NOUVELLE-AQUITAINE;Mathématiques;106.5;Fille;252;48.5;13.0;17.2;20.4;18.9;13.9;16.6
2021;17;52;PAYS DE LA LOIRE;Mathématiques;108.0;Ensemble;261;51.8;11.1;14.5;18.2;18.5;15.9;21.8
2021;17;52;PAYS DE LA LOIRE;Mathématiques;108.0;Garçon;264;54.3;11.3;13.1;16.5;17.7;16.4;25.0
2021;;;NATIONAL;Mathématiques;;Fille;250;49.9;15.0;17.9;20.2;17.8;13.1;15.9
2022;01;84;AUVERGNE-RHONE-ALPES;Mathématiques;108.0;Garçon;265;54.6;10.5;14.4;17.6;17.3;14.9;25.4
2022;02;27;BOURGOGNE-FRANCHE-COMTE;Français;102.0;Garçon;250;44.5;12.7;18.3;22.2;19.6;13.6;13.6
2022;02;27;BOURGOGNE-FRANCHE-COMTE;Mathématiques;102.0;Ensemble;255;50.2;12.9;17.3;20.4;18.1;13.8;17.5
2022;05;94;CORSE;Mathématiques;102.3;Fille;248;45.5;14.1;20.3;20.8;18.6;13.2;13.0
2022;07;01;GUADELOUPE;Français;96.4;Ensemble;238;47.0;23.4;19.2;20.1;15.7;10.8;10.7
2022;08;03;GUYANE;Français;81.3;Ensemble;209;48.1;50.6;18.0;11.9;9.4;5.2;4.9
2022;08;03;GUYANE;Mathématiques;81.3;Ensemble;198;41.8;62.8;18.0;8.5;5.0;2.9;2.8
2022;09;32;HAUTS-DE-FRANCE;Français;98.4;Fille;255;45.9;10.9;16.7;20.7;19.6;15.4;16.7
2022;13;06;MAYOTTE;Français;73.7;Ensemble;185;39.7;72.1;14.4;6.9;3.5;2.0;1.1
2022;13;06;MAYOTTE;Français;73.7;Garçon;181;37.9;77.6;11.8;5.3;3.0;1.5;0.7
2022;13;06;MAYOTTE;Mathématiques;73.7;Fille;183;35.2;75.4;15.7;5.3;2.3;0.8;0.5
2022;14;28;NORMANDIE;Français;102.5;Garçon;245;43.9;14.9;20.1;22.1;18.4;13.0;11.6
2022;15;75;NOUVELLE-AQUITAINE;Français;106.8;Ensemble;259;46.9;9.9;15.3;19.9;19.6;16.0;19.2
2022;15;75;NOUVELLE-AQUITAINE;Mathématiques;106.8;Ensemble;256;51.5;13.1;16.6;19.2;18.0;13.8;19.3
2022;16;76;OCCITANIE;Mathématiques;106.7;Fille;251;49.5;14.3;18.4;21.0;17.7;12.7;15.9
2022;17;52;PAYS DE LA LOIRE;Français;107.7;Ensemble;259;45.9;9.1;15.3;20.2;20.2;16.4;18.9
2022;17;52;PAYS DE LA LOIRE;Français;107.7;Fille;265;46.4;7.0;13.3;18.7;20.5;18.0;22.6
2022;17;52;PAYS DE LA LOIRE;Français;107.7;Garçon;253;44.6;11.2;17.2;21.6;19.9;14.9;15.3
2022;;;NATIONAL;Mathématiques;;Ensemble;253;52.3;14.9;17.4;19.2;17.0;13.0;18.4
2023;01;84;AUVERGNE-RHONE-ALPES;Français;109.0;Fille;269;48.8;6.7;12.3;18.2;19.8;17.9;25.1
2023;01;84;AUVERGNE-RHONE-ALPES;Mathématiques;109.0;Fille;254;50.1;12.7;17.7;19.9;18.1;13.7;17.8
2023;02;27;BOURGOGNE-FRANCHE-COMTE;Mathématiques;102.4;Fille;250;47.7;14.1;19.3;21.1;18.4;12.4;14.7
2023;03;53;BRETAGNE;Français;110.6;Garçon;255;45.4;10.2;16.3;21.5;20.4;15.6;16.0
2023;03;53;BRETAGNE;Mathématiques;110.6;Ensemble;260;51.0;10.4;15.8;19.5;18.4;15.0;21.0
2023;04;24;CENTRE-VAL DE LOIRE;Français;103.1;Garçon;248;45.0;13.8;18.6;22.2;19.3;13.1;13.0
2023;08;03;GUYANE;Mathématiques;81.9;Garçon;197;45.3;63.9;16.4;8.3;5.6;2.6;3.2
2023;09;32;HAUTS-DE-FRANCE;Français;99.1;Garçon;243;44.5;16.4;20.2;22.4;18.3;11.7;11.0
2023;09;32;HAUTS-DE-FRANCE;Mathématiques;99.1;Garçon;253;52.1;14.8;17.9;18.6;17.3;13.2;18.2
2023;10;11;ILE-DE-FRANCE;Français;112.6;Ensemble;262;50.4;10.0;14.4;18.5;18.7;16.2;22.1
2023;10;11;ILE-DE-FRANCE;Mathématiques;112.6;Ensemble;256;55.7;15.0;17.1;18.2;16.1;12.8;20.9
2023;11;04;LA REUNION;Français;88.3;Fille;252;47.7;12.6;19.1;20.5;18.5;13.7;15.6
2023;12;02;MARTINIQUE;Mathématiques;101.3;Ensemble;232;48.8;27.2;22.1;18.3;13.9;8.5;10.0
2023;13;06;MAYOTTE;Français;70.0;Fille;195;41.9;62.6;18.3;8.8;5.6;2.8;1.9
2023;13;06;MAYOTTE;Français;70.0;Garçon;184;38.8;74.3;13.7;6.2;3.1;1.8;0.9
2023;14;28;NORMANDIE;Mathématiques;103.0;Fille;244;47.1;17.2;20.8;21.5;17.1;11.1;12.2
2023;14;28;NORMANDIE;Mathématiques;103.0;Garçon;255;52.3;14.4;17.3;18.9;17.4;13.1;18.9
2023;16;76;OCCITANIE;Français;107.2;Fille;266;48.2;7.3;13.2;18.6;19.8;17.8;23.3
2023;17;52;PAYS DE LA LOIRE;Mathématiques;108.8;Garçon;264;54.2;11.1;14.1;17.9;17.4;14.8;24.6
2023;18;93;PROVENCE-ALPES-COTE D'AZUR;Mathématiques;105.5;Garçon;259;53.5;12.5;15.8;18.2;17.4;14.2;21.8
2023;;;NATIONAL;Français;;Garçon;250;47.0;14.0;17.7;21.3;18.8;13.7;14.4
2024;01;84;AUVERGNE-RHONE-ALPES;Français;109.1;Garçon;256;48.4;11.8;15.4;20.4;20.2;14.9;17.2
2024;01;84;AUVERGNE-RHONE-ALPES;Mathématiques;109.1;Ensemble;260;53.5;12.0;16.0;18.6;17.7;14.1;21.6
2024;02;27;BOURGOGNE-FRANCHE-COMTE;Français;102.7;Fille;262;46.3;7.6;14.0;20.9;21.6;16.9;19.1
2024;02;27;BOURGOGNE-FRANCHE-COMTE;Mathématiques;102.7;Ensemble;255;50.8;12.7;17.4;19.8;18.0;13.5;18.7
2024;03;53;BRETAGNE;Mathématiques;110.7;Fille;254;48.4;11.6;17.5;21.2;18.8;14.0;17.1
2024;07;01;GUADELOUPE;Français;96.9;Garçon;232;48.4;28.3;19.8;18.9;14.8;9.0;9.2
2024;07;01;GUADELOUPE;Mathématiques;96.9;Garçon;231;52.9;32.5;19.7;16.0;12.0;8.4;11.3
2024;10;11;ILE-DE-FRANCE;Français;112.7;Ensemble;262;51.6;10.6;14.3;18.7;19.3;15.5;21.6
2024;10;11;ILE-DE-FRANCE;Mathématiques;112.7;Ensemble;256;56.0;15.3;17.1;18.2;15.9;12.6;21.0
2024;11;04;LA REUNION;Français;89.0;Garçon;237;46.7;22.6;20.2;21.2;15.9;10.1;10.0
2024;11;04;LA REUNION;Mathématiques;89.0;Fille;232;45.8;26.1;24.5;18.9;13.4;8.6;8.3
2024;12;02;MARTINIQUE;Français;100.5;Fille;251;50.8;15.8;15.1;21.3;18.6;13.3;15.8
2024;12;02;MARTINIQUE;Mathématiques;100.5;Ensemble;233;50.1;28.6;20.6;17.9;13.7;8.8;10.4
2024;12;02;MARTINIQUE;Mathématiques;100.5;Garçon;235;51.7;28.4;19.0;17.0;13.7;9.6;12.3
2024;13;06;MAYOTTE;Mathématiques;69.8;Fille;183;35.5;74.5;16.2;5.6;2.3;1.0;0.5
2024;13;06;MAYOTTE;Mathématiques;69.8;Garçon;181;40.6;76.1;14.1;5.0;2.6;1.0;1.1
2024;14;28;NORMANDIE;Français;103.3;Fille;256;47.0;10.4;15.8;21.2;21.2;14.8;16.6
2024;14;28;NORMANDIE;Mathématiques;103.3;Garçon;253;51.7;14.8;17.4;19.2;17.3;13.0;18.3
2024;15;75;NOUVELLE-AQUITAINE;Français;108.2;Ensemble;260;48.9;10.3;14.2;19.7;20.5;16.0;19.4
2024;15;75;NOUVELLE-AQUITAINE;Mathématiques;108.2;Ensemble;257;52.6;13.1;16.2;18.7;18.0;13.9;20.2
2024;16;76;OCCITANIE;Mathématiques;107.3;Ensemble;257;52.9;13.2;16.5;18.8;17.6;13.9;20.0
2024;16;76;OCCITANIE;Mathématiques;107.3;Fille;251;49.9;14.6;18.6;20.3;17.5;13.1;15.9
2024;17;52;PAYS DE LA LOIRE;Français;109.1;Ensemble;258;47.9;10.2;14.5;20.2;21.1;15.5;18.4
2024;17;52;PAYS DE LA LOIRE;Mathématiques;109.1;Garçon;263;54.5;11.3;14.2;18.0;17.3;14.8;24.3
2024;18;93;PROVENCE-ALPES-COTE D'AZUR;Mathématiques;105.4;Fille;248;49.8;16.2;19.2;20.1;17.2;12.4;15.0
2024;;;NATIONAL;Français;;Garçon;251;48.6;14.2;16.5;20.6;19.4;13.8;15.4
2025;02;27;BOURGOGNE-FRANCHE-COMTE;Français;102.7;Garçon;250;46.2;13.5;17.0;21.9;19.9;14.1;13.6
2025;03;53;BRETAGNE;Français;110.6;Ensemble;262;48.4;9.2;13.2;19.7;20.9;16.7;20.4
2025;03;53;BRETAGNE;Français;110.6;Fille;268;48.1;6.7;11.4;18.7;21.6;18.1;23.5
2025;03;53;BRETAGNE;Mathématiques;110.6;Ensemble;261;51.5;10.8;15.3;19.0;18.5;15.1;21.3
2025;04;24;CENTRE-VAL DE LOIRE;Français;103.5;Fille;260;46.9;9.0;14.6;20.8;21.2;16.2;18.3
2025;04;24;CENTRE-VAL DE LOIRE;Français;103.5;Garçon;247;46.4;15.3;18.5;21.5;18.9;13.0;12.7
2025;04;24;CENTRE-VAL DE LOIRE;Mathématiques;103.5;Ensemble;251;50.5;15.0;18.5;19.8;17.4;12.7;16.4
2025;04;24;CENTRE-VAL DE LOIRE;Mathématiques;103.5;Fille;246;47.6;15.9;20.4;21.2;17.8;11.5;13.1
2025;04;24;CENTRE-VAL DE LOIRE;Mathématiques;103.5;Garçon;256;52.6;14.2;16.7;18.5;17.0;13.9;19.7
2025;05;94;CORSE;Français;102.0;Garçon;253;46.5;12.0;16.2;22.6;19.5;14.2;15.4
2025;06;44;GRAND EST;Mathématiques;101.4;Ensemble;255;52.0;13.8;17.3;19.4;17.2;13.7;18.7
2025;06;44;GRAND EST;Mathématiques;101.4;Fille;249;49.2;15.2;19.6;20.8;17.2;12.2;15.0
2025;07;01;GUADELOUPE;Français;96.4;Ensemble;238;49.0;23.9;18.5;20.1;15.3;10.8;11.4
2025;09;32;HAUTS-DE-FRANCE;Français;99.8;Fille;254;46.2;11.3;16.4;21.1;20.8;14.8;15.6
2025;09;32;HAUTS-DE-FRANCE;Français;99.8;Garçon;245;46.3;16.8;18.5;21.2;19.1;12.5;11.8
2025;10;11;ILE-DE-FRANCE;Français;112.6;Ensemble;261;52.2;11.4;14.6;18.6;18.8;15.1;21.4
2025;11;04;LA REUNION;Français;89.6;Ensemble;242;47.5;19.8;20.3;20.6;16.6;11.1;11.6
2025;11;04;LA REUNION;Mathématiques;89.6;Fille;231;46.0;27.1;24.4;19.5;12.8;8.1;8.2
2025;11;04;LA REUNION;Mathématiques;89.6;Garçon;237;52.0;26.3;21.6;17.6;12.6;9.6;12.3
2025;13;06;MAYOTTE;Français;69.8;Ensemble;187;39.8;69.1;15.7;8.4;3.7;1.8;1.2
2025;17;52;PAYS DE LA LOIRE;Français;109.2;Ensemble;258;48.6;10.6;14.9;20.0;20.2;15.6;18.6
2025;18;93;PROVENCE-ALPES-COTE D'AZUR;Français;105.4;Fille;261;48.0;9.0;14.0;20.6;20.8;16.3;19.4
2025;;;NATIONAL;Mathématiques;106.2;Fille;248;50.2;16.5;19.2;20.0;16.9;12.2;15.2
2017;01;84;AUVERGNE-RHONE-ALPES;Français;107.5;Fille;261;49.4;8.5;14.9;20.1;19.7;16.2;20.6
2017;02;27;BOURGOGNE-FRANCHE-COMTE;Mathématiques;102.1;Ensemble;254;47.7;9.9;17.2;23.0;20.0;14.2;15.8
2017;03;53;BRETAGNE;Français;108.4;Ensemble;258;47.8;8.7;15.7;21.3;20.0;15.6;18.5
2017;03;53;BRETAGNE;Français;108.4;Fille;265;47.9;6.0;13.3;20.2;20.8;17.2;22.5
2017;03;53;BRETAGNE;Mathématiques;108.4;Ensemble;258;46.8;7.8;14.8;22.8;21.6;15.7;17.2
2017;04;24;CENTRE-VAL DE LOIRE;Français;103.4;Ensemble;249;46.8;12.3;19.7;22.6;18.7;12.8;13.9
2017;04;24;CENTRE-VAL DE LOIRE;Mathématiques;103.4;Ensemble;250;46.8;11.1;19.0;23.2;19.5;13.5;13.8
2017;04;24;CENTRE-VAL DE LOIRE;Mathématiques;103.4;Fille;248;44.9;11.3;20.0;23.5;19.7;13.3;12.2
2017;05;94;CORSE;Français;100.5;Ensemble;252;47.0;10.7;17.0;22.3;20.8;14.1;15.0
2017;05;94;CORSE;Français;100.5;Garçon;247;44.5;12.9;18.6;22.2;21.6;13.5;11.2
2017;05;94;CORSE;Mathématiques;100.5;Garçon;243;48.1;14.0;20.5;23.7;19.2;11.9;10.7
2017;07;01;GUADELOUPE;Français;88.8;Fille;238;51.8;21.6;20.4;19.6;16.1;11.1;11.2
2017;09;32;HAUTS-DE-FRANCE;Français;96.3;Garçon;237;45.4;19.1;23.6;22.2;16.1;10.0;9.0
2017;09;32;HAUTS-DE-FRANCE;Mathématiques;96.3;Fille;245;45.8;13.4;20.9;23.8;18.8;11.7;11.3
2017;12;02;MARTINIQUE;Mathématiques;92.8;Garçon;227;49.1;28.7;23.8;19.8;12.1;7.8;7.8
2017;15;75;NOUVELLE-AQUITAINE;Mathématiques;105.8;Fille;250;48.3;11.4;17.9;23.8;19.8;13.2;13.9
2017;15;75;NOUVELLE-AQUITAINE;Mathématiques;105.8;Garçon;254;51.6;11.1;16.6;21.4;19.4;14.4;17.1
2017;18;93;PROVENCE-ALPES-COTE D'AZUR;Français;104.1;Fille;255;48.6;10.5;17.1;21.0;19.1;14.8;17.4
2017;18;93;PROVENCE-ALPES-COTE D'AZUR;Français;104.1;Garçon;243;47.0;15.8;20.6;22.4;17.8;11.5;12.0
2017;18;93;PROVENCE-ALPES-COTE D'AZUR;Mathématiques;104.1;Ensemble;250;48.2;12.0;18.5;22.8;19.3;13.0;14.4
2017;18;93;PROVENCE-ALPES-COTE D'AZUR;Mathématiques;104.1;Fille;248;46.4;12.0;19.5;23.7;19.5;12.5;12.9
2017;;;NATIONAL;Français;;Ensemble;250;50.0;13.3;18.4;20.9;18.3;13.5;15.6
2017;;;NATIONAL;Français;;Fille;256;50.3;10.5;16.5;20.5;19.1;14.9;18.6
2017;;;NATIONAL;Français;;Garçon;244;48.9;16.1;20.2;21.4;17.5;12.1;12.7
2017;;;NATIONAL;Mathématiques;;Ensemble;250;50.0;12.7;18.1;22.2;18.9;13.2;15.0
2018;01;84;AUVERGNE-RHONE-ALPES;Français;107.3;Garçon;252;49.2;12.1;17.5;22.3;18.4;13.3;16.3
2018;01;84;AUVERGNE-RHONE-ALPES;Mathématiques;107.3;Garçon;258;51.3;11.1;14.6;19.4;19.6;15.6;19.8
2018;06;44;GRAND EST;Français;100.4;Ensemble;254;48.4;10.8;17.1;22.6;19.3;13.6;16.6
2018;07;01;GUADELOUPE;Mathématiques;88.3;Ensemble;223;46.0;31.0;24.1;20.3;12.5;6.3;5.7
2018;07;01;GUADELOUPE;Mathématiques;88.3;Fille;224;43.1;28.6;24.4;22.8;13.3;6.0;4.9
2018;07;01;GUADELOUPE;Mathématiques;88.3;Garçon;222;48.6;33.3;23.8;17.9;11.8;6.7;6.6
2018;08;03;GUYANE;Français;72.7;Ensemble;211;49.9;41.9;23.1;16.3;9.6;4.7;4.5
2018;08;03;GUYANE;Mathématiques;72.7;Garçon;200;51.2;53.5;19.4;12.2;7.4;4.0;3.6
2018;09;32;HAUTS-DE-FRANCE;Mathématiques;96.6;Ensemble;244;47.1;15.7;20.2;22.3;18.5;11.9;11.5
2018;10;11;ILE-DE-FRANCE;Français;110.7;Ensemble;258;52.4;11.1;16.0;20.7;17.9;13.8;20.4
2018;11;04;LA REUNION;Français;82.7;Fille;243;46.7;15.5;22.4;23.8;16.4;10.7;11.2
2018;11;04;LA REUNION;Mathématiques;82.7;Fille;229;39.6;21.8;26.9;25.2;14.2;6.9;5.1
2018;13;06;MAYOTTE;Français;68.1;Garçon;179;36.2;76.8;13.6;5.7;1.8;1.6;0.5
2018;13;06;MAYOTTE;Mathématiques;68.1;Ensemble;172;39.1;79.6;11.5;5.5;2.1;0.8;0.5
2018;14;28;NORMANDIE;Mathématiques;101.7;Fille;243;42.6;12.9;20.8;25.1;20.1;11.6;9.6
2018;15;75;NOUVELLE-AQUITAINE;Français;105.8;Ensemble;255;50.2;11.4;16.6;21.6;18.6;13.7;18.1
2018;15;75;NOUVELLE-AQUITAINE;Français;105.8;Garçon;250;48.7;13.4;18.1;22.3;18.2;12.7;15.3
2018;15;75;NOUVELLE-AQUITAINE;Mathématiques;105.8;Ensemble;250;47.6;12.1;17.5;22.2;19.9;14.0;14.2
2018;16;76;OCCITANIE;Français;105.3;Ensemble;254;51.2;12.0;17.2;21.1;18.3;13.5;17.8
2018;16;76;OCCITANIE;Mathématiques;105.3;Ensemble;251;48.8;12.4;17.2;22.1;19.7;13.7;15.0
2018;16;76;OCCITANIE;Mathématiques;105.3;Fille;246;44.6;12.3;19.3;24.5;20.1;12.6;11.2
2018;16;76;OCCITANIE;Mathématiques;105.3;Garçon;255;52.2;12.4;15.3;19.7;19.3;14.6;18.7
2018;18;93;PROVENCE-ALPES-COTE D'AZUR;Français;104.0;Fille;260;50.1;9.2;14.7;21.2;19.7;14.9;20.2
2018;;;NATIONAL;Mathématiques;;Garçon;253;52.0;13.9;16.2;19.5;18.5;14.3;17.6
2019;03;53;BRETAGNE;Français;108.5;Fille;269;45.5;6.3;10.8;17.0;20.1;20.1;25.6
2019;03;53;BRETAGNE;Mathématiques;108.5;Ensemble;256;49.5;11.7;15.5;19.9;19.1;15.1;18.7
2019;03;53;BRETAGNE;Mathématiques;108.5;Fille;255;46.4;10.2;16.1;21.4;20.6;15.2;16.5
2019;04;24;CENTRE-VAL DE LOIRE;Français;103.5;Ensemble;255;47.6;12.0;15.3;19.4;18.9;16.2;18.2
2019;04;24;CENTRE-VAL DE LOIRE;Français;103.5;Garçon;248;48.3;15.9;17.3;19.3;18.0;14.4;15.0
2019;05;94;CORSE;Français;100.8;Fille;257;45.6;10.1;16.3;18.5;18.6;18.2;18.3
2019;06;44;GRAND EST;Français;100.7;Fille;260;47.5;10.3;13.4;18.1;19.7;17.8;20.8
2019;06;44;GRAND EST;Mathématiques;100.7;Fille;247;47.9;15.6;18.6;21.2;18.0;12.7;13.9
2019;06;44;GRAND EST;Mathématiques;100.7;Garçon;251;53.4;16.9;16.8;17.8;16.7;13.5;18.4
2019;07;01;GUADELOUPE;Mathématiques;88.5;Ensemble;226;48.7;31.7;20.3;19.1;12.9;8.1;8.0
2019;09;32;HAUTS-DE-FRANCE;Français;97.0;Garçon;241;49.2;20.9;18.4;18.7;16.6;12.7;12.7
2019;09;32;HAUTS-DE-FRANCE;Mathématiques;97.0;Fille;241;46.6;18.6;21.1;21.2;16.7;11.4;11.1
2019;10;11;ILE-DE-FRANCE;Français;110.7;Garçon;251;51.2;16.2;15.7;17.4;17.1;15.3;18.3
2019;10;11;ILE-DE-FRANCE;Mathématiques;110.7;Fille;249;50.6;15.4;18.4;20.1;17.2;12.8;16.1
2019;10;11;ILE-DE-FRANCE;Mathématiques;110.7;Garçon;251;57.3;19.0;16.6;17.0;15.2;12.2;20.1
2019;12;02;MARTINIQUE;Français;93.3;Fille;251;48.5;15.6;14.4;18.8;18.0;16.6;16.7
2019;13;06;MAYOTTE;Français;68.1;Ensemble;182;55.7;65.6;14.4;9.5;5.7;3.0;1.9
2019;13;06;MAYOTTE;Mathématiques;68.1;Ensemble;172;49.4;75.9;13.8;5.4;2.7;1.1;1.0
2019;13;06;MAYOTTE;Mathématiques;68.1;Garçon;171;50.2;78.1;11.6;5.4;2.3;1.3;1.3
2019;14;28;NORMANDIE;Mathématiques;101.9;Garçon;247;52.2;17.9;18.4;18.5;16.7;12.2;16.3
2019;15;75;NOUVELLE-AQUITAINE;Français;106.0;Garçon;251;49.1;15.1;15.9;18.7;18.0;15.0;17.2
2019;16;76;OCCITANIE;Français;105.3;Ensemble;256;49.2;12.8;14.2;17.9;18.7;16.7;19.7
2019;17;52;PAYS DE LA LOIRE;Français;107.3;Fille;265;46.8;8.3;11.8;16.9;20.4;19.1;23.4
2019;18;93;PROVENCE-ALPES-COTE D'AZUR;Français;103.9;Fille;261;47.4;9.5;13.1;17.9;19.7;18.0;21.8
2019;18;93;PROVENCE-ALPES-COTE D'AZUR;Mathématiques;103.9;Fille;245;48.4;16.7;18.9;21.2;17.7;12.4;13.3
2019;;;NATIONAL;Français;;Garçon;248;50.0;17.1;16.5;18.2;17.5;14.6;16.0
2019;;;NATIONAL;Mathématiques;;Ensemble;249;52.1;16.8;17.5;19.2;17.1;12.9;16.5
2019;;;NATIONAL;Mathématiques;;Fille;247;48.9;15.5;18.4;20.8;18.0;12.9;14.4
2020;01;84;AUVERGNE-RHONE-ALPES;Mathématiques;107.3;Garçon;262;53.7;12.5;13.4;16.7;17.7;15.8;23.9
2020;03;53;BRETAGNE;Français;108.2;Garçon;261;45.2;7.5;13.4;21.1;20.9;17.3;19.8
2020;06;44;GRAND EST;Mathématiques;100.9;Ensemble;253;51.5;15.1;15.9;18.8;18.1;14.1;18.1
2020;07;01;GUADELOUPE;Français;88.8;Fille;249;47.4;14.9;18.3;19.7;17.0;15.8;14.2
2020;07;01;GUADELOUPE;Mathématiques;88.8;Ensemble;223;48.3;34.0;21.3;17.1;12.5;8.0;7.0
2020;08;03;GUYANE;Mathématiques;71.4;Ensemble;192;46.5;63.7;16.5;8.9;5.1;2.9;2.9
2020;08;03;GUYANE;Mathématiques;71.4;Fille;194;43.1;61.1;19.0;10.0;4.9;2.7;2.3
2020;09;32;HAUTS-DE-FRANCE;Français;97.2;Garçon;247;45.1;14.0;18.9;22.4;19.1;12.9;12.6
2020;10;11;ILE-DE-FRANCE;Français;110.6;Fille;273;49.5;5.7;10.5;16.9;19.3;18.4;29.2
2020;10;11;ILE-DE-FRANCE;Français;110.6;Garçon;259;49.4;10.4;14.9;19.3;19.0;15.5;20.9
2020;12;02;MARTINIQUE;Mathématiques;91.9;Garçon;223;51.1;36.7;18.6;16.5;11.5;8.5;8.2
2020;13;06;MAYOTTE;Français;68.1;Ensemble;186;43.4;68.8;15.1;8.3;4.4;2.1;1.3
2020;13;06;MAYOTTE;Mathématiques;68.1;Ensemble;172;40.3;80.4;11.1;4.7;2.0;1.0;0.7
2020;13;06;MAYOTTE;Mathématiques;68.1;Garçon;169;41.0;82.7;9.3;4.2;1.8;1.2;0.8
2020;14;28;NORMANDIE;Français;101.6;Ensemble;257;46.0;9.6;15.7;20.8;20.4;15.8;17.7
2020;14;28;NORMANDIE;Mathématiques;101.6;Ensemble;249;49.2;15.6;17.4;20.2;18.1;13.6;15.1
2020;14;28;NORMANDIE;Mathématiques;101.6;Garçon;251;51.7;16.0;16.4;18.4;17.7;14.0;17.5
2020;15;75;NOUVELLE-AQUITAINE;Mathématiques;106.1;Garçon;259;53.4;13.3;13.6;17.3;18.1;15.3;22.4
2020;16;76;OCCITANIE;Français;105.3;Fille;270;47.8;5.8;11.1;17.9;20.4;18.6;26.1
2020;18;93;PROVENCE-ALPES-COTE D'AZUR;Français;104.0;Fille;268;47.3;6.3;12.0;18.5;20.9;18.0;24.4
2020;18;93;PROVENCE-ALPES-COTE D'AZUR;Mathématiques;104.0;Fille;249;48.5;14.9;18.0;20.5;18.3;13.3;15.0
2020;18;93;PROVENCE-ALPES-COTE D'AZUR;Mathématiques;104.0;Garçon;254;53.6;15.6;15.0;17.6;17.7;14.3;19.8
2020;;;NATIONAL;Mathématiques;;Fille;250;49.3;14.7;17.1;20.3;18.3;13.7;15.8
2021;01;84;AUVERGNE-RHONE-ALPES;Français;107.8;Ensemble;266;45.8;6.3;12.4;19.7;21.1;17.9;22.5
2021;03;53;BRETAGNE;Français;108.5;Fille;273;44.7;3.6;9.6;18.3;21.9;19.9;26.7
2021;06;44;GRAND EST;Français;101.3;Ensemble;260;45.4;8.1;14.1;21.2;21.2;16.5;18.9
2021;07;01;GUADELOUPE;Français;90.7;Fille;252;46.2;13.1;15.8;20.9;19.4;15.5;15.2
2021;07;01;GUADELOUPE;Mathématiques;90.7;Garçon;224;52.9;36.9;19.7;14.9;10.8;8.0;9.7
2021;09;32;HAUTS-DE-FRANCE;Français;97.8;Fille;259;45.1;8.0;15.0;21.1;20.6;16.8;18.5
2021;09;32;HAUTS-DE-FRANCE;Mathématiques;97.8;Ensemble;247;50.8;18.1;18.0;19.4;16.7;12.6;15.1
2021;10;11;ILE-DE-FRANCE;Mathématiques;110.8;Fille;253;52.1;14.7;17.6;19.4;17.2;13.0;18.0
2021;11;04;LA REUNION;Mathématiques;85.1;Ensemble;231;49.1;28.0;22.0;18.5;13.0;9.0;9.6
2021;13;06;MAYOTTE;Mathématiques;68.4;Garçon;173;41.3;81.6;9.3;5.1;1.9;1.2;1.0
2021;14;28;NORMANDIE;Français;101.9;Ensemble;256;44.4;9.1;16.1;22.2;21.0;15.3;16.3
2021;15;75;NOUVELLE-AQUITAINE;Français;106.5;Garçon;258;45.3;8.9;14.9;21.7;20.8;16.0;17.6
2021;16;76;OCCITANIE;Français;105.7;Garçon;256;45.3;9.7;15.8;22.1;20.7;15.1;16.7
2021;16;76;OCCITANIE;Mathématiques;105.7;Ensemble;256;52.4;13.3;15.5;18.6;18.2;14.5;19.9
2021;16;76;OCCITANIE;Mathématiques;105.7;Fille;252;49.6;13.4;17.3;20.2;18.7;13.8;16.7
2021;16;76;OCCITANIE;Mathématiques;105.7;Garçon;260;54.7;13.3;13.8;17.1;17.7;15.2;22.9
2021;18;93;PROVENCE-ALPES-COTE D'AZUR;Mathématiques;104.1;Fille;249;49.2;15.1;18.5;20.7;17.6;12.9;15.3
2021;;;NATIONAL;Français;;Ensemble;261;46.9;8.4;13.8;20.4;20.5;16.6;20.3
2021;;;NATIONAL;Français;;Fille;268;46.9;6.2;11.7;19.0;20.8;18.2;24.1
2022;01;84;AUVERGNE-RHONE-ALPES;Mathématiques;108.0;Ensemble;260;52.4;11.5;16.0;19.0;17.8;14.2;21.4
2022;03;53;BRETAGNE;Français;109.6;Garçon;255;44.3;9.7;16.4;20.9;21.1;15.8;16.1
2022;03;53;BRETAGNE;Mathématiques;109.6;Fille;255;48.4;11.5;17.0;20.8;19.0;14.0;17.7
2022;03;53;BRETAGNE;Mathématiques;109.6;Garçon;264;52.1;9.6;14.2;18.1;18.7;15.6;23.8
2022;04;24;CENTRE-VAL DE LOIRE;Mathématiques;103.3;Ensemble;252;49.4;13.8;18.9;20.3;17.5;13.0;16.6
2022;04;24;CENTRE-VAL DE LOIRE;Mathématiques;103.3;Fille;248;46.8;14.4;20.9;21.2;17.7;12.1;13.7
2022;06;44;GRAND EST;Français;100.5;Fille;261;46.5;8.6;14.5;19.6;20.2;17.0;20.2
2022;06;44;GRAND EST;Français;100.5;Garçon;249;44.3;13.0;18.7;22.0;19.5;14.0;12.8
2022;07;01;GUADELOUPE;Français;96.4;Garçon;230;46.2;29.5;19.4;19.4;14.7;9.2;7.8
2022;08;03;GUYANE;Français;81.3;Fille;214;49.3;45.7;19.1;12.6;10.6;6.3;5.8
2022;08;03;GUYANE;Mathématiques;81.3;Garçon;199;44.7;63.5;15.9;8.6;5.0;3.3;3.6
2022;09;32;HAUTS-DE-FRANCE;Mathématiques;98.4;Ensemble;247;49.3;16.8;19.7;20.3;16.8;11.7;14.7
2022;10;11;ILE-DE-FRANCE;Mathématiques;111.6;Ensemble;256;54.7;15.0;17.4;18.4;16.1;12.6;20.5
2022;11;04;LA REUNION;Français;87.5;Ensemble;243;46.2;18.1;20.4;20.5;17.3;11.6;12.2
2022;11;04;LA REUNION;Français;87.5;Fille;251;47.0;14.0;18.3;20.5;18.2;13.8;15.3
2022;11;04;LA REUNION;Français;87.5;Garçon;236;44.4;22.1;22.3;20.5;16.4;9.4;9.3
2022;12;02;MARTINIQUE;Mathématiques;101.6;Fille;232;45.6;25.8;23.5;19.6;14.0;9.2;7.9
2022;12;02;MARTINIQUE;Mathématiques;101.6;Garçon;234;51.0;27.5;21.1;18.7;11.9;9.3;11.5
2022;15;75;NOUVELLE-AQUITAINE;Français;106.8;Fille;265;47.5;7.8;13.3;18.3;19.9;17.6;23.1
2022;18;93;PROVENCE-ALPES-COTE D'AZUR;Mathématiques;105.3;Ensemble;253;51.3;14.2;17.4;19.7;17.6;13.2;17.9
2022;18;93;PROVENCE-ALPES-COTE D'AZUR;Mathématiques;105.3;Fille;248;48.8;15.6;19.0;21.0;17.7;12.1;14.7
2022;;;NATIONAL;Français;;Ensemble;257;47.6;11.2;15.8;19.9;19.3;15.6;18.3
2022;;;NATIONAL;Français;;Garçon;250;46.2;13.5;17.7;21.0;19.0;14.1;14.7
2023;02;27;BOURGOGNE-FRANCHE-COMTE;Français;102.4;Ensemble;256;46.1;10.2;16.3;21.5;20.4;15.1;16.5
2023;02;27;BOURGOGNE-FRANCHE-COMTE;Mathématiques;102.4;Ensemble;255;50.6;12.7;17.3;19.8;18.4;13.6;18.2
2023;03;53;BRETAGNE;Mathématiques;110.6;Garçon;265;52.8;9.5;14.2;18.3;18.1;15.4;24.6
2023;04;24;CENTRE-VAL DE LOIRE;Français;103.1;Ensemble;255;46.2;10.9;16.5;21.3;20.0;14.9;16.5
2023;04;24;CENTRE-VAL DE LOIRE;Français;103.1;Fille;262;46.5;7.9;14.2;20.3;20.8;16.7;20.1
2023;04;24;CENTRE-VAL DE LOIRE;Mathématiques;103.1;Fille;247;47.7;15.4;19.9;21.3;17.9;12.2;13.3
2023;05;94;CORSE;Français;101.7;Ensemble;255;45.9;9.9;17.2;21.7;20.1;15.0;16.0
2023;07;01;GUADELOUPE;Français;96.8;Ensemble;240;47.6;21.6;19.3;20.2;16.4;11.7;10.9
2023;08;03;GUYANE;Français;81.9;Garçon;200;44.7;59.4;17.1;10.8;5.7;3.7;3.3
2023;08;03;GUYANE;Mathématiques;81.9;Fille;195;41.2;63.5;17.6;9.1;5.0;2.8;2.1
2023;09;32;HAUTS-DE-FRANCE;Français;99.1;Fille;256;46.6;10.4;17.1;20.9;19.6;15.3;16.8
2023;09;32;HAUTS-DE-FRANCE;Mathématiques;99.1;Fille;242;46.8;18.3;21.5;21.1;16.6;10.9;11.6
2023;10;11;ILE-DE-FRANCE;Français;112.6;Fille;270;50.6;7.2;12.1;17.3;19.0;17.9;26.6
2023;10;11;ILE-DE-FRANCE;Français;112.6;Garçon;255;49.1;12.7;16.6;19.8;18.5;14.7;17.8
2023;12;02;MARTINIQUE;Français;101.3;Garçon;237;46.5;22.8;20.0;20.8;15.6;10.9;9.8
2023;15;75;NOUVELLE-AQUITAINE;Français;107.7;Fille;266;47.7;7.3;12.4;19.2;20.2;17.8;23.1
2023;15;75;NOUVELLE-AQUITAINE;Français;107.7;Garçon;252;46.4;12.5;17.0;21.4;19.3;14.4;15.4
2023;15;75;NOUVELLE-AQUITAINE;Mathématiques;107.7;Ensemble;258;52.1;12.6;16.0;19.3;17.7;14.2;20.3
2023;16;76;OCCITANIE;Français;107.2;Ensemble;259;47.9;10.1;15.1;20.1;19.5;16.1;19.0
2023;16;76;OCCITANIE;Français;107.2;Garçon;252;46.6;12.8;17.0;21.6;19.3;14.4;14.9
2023;17;52;PAYS DE LA LOIRE;Mathématiques;108.8;Fille;253;48.6;12.9;17.8;20.8;18.2;13.3;16.9
2023;18;93;PROVENCE-ALPES-COTE D'AZUR;Français;105.5;Ensemble;257;47.1;9.9;15.9;21.0;19.9;15.3;17.9
2023;18;93;PROVENCE-ALPES-COTE D'AZUR;Français;105.5;Fille;264;47.3;7.4;13.8;19.6;20.4;17.1;21.7
2023;18;93;PROVENCE-ALPES-COTE D'AZUR;Mathématiques;105.5;Ensemble;254;51.5;13.9;17.7;19.6;17.5;13.2;18.2
2023;;;NATIONAL;Français;;Fille;264;48.8;8.5;13.6;18.9;19.7;17.0;22.2
2024;02;27;BOURGOGNE-FRANCHE-COMTE;Français;102.7;Garçon;251;45.3;12.5;17.4;22.1;20.7;14.0;13.4
2024;02;27;BOURGOGNE-FRANCHE-COMTE;Mathématiques;102.7;Garçon;261;53.1;11.6;15.5;18.3;18.0;14.3;22.3
2024;03;53;BRETAGNE;Français;110.7;Ensemble;262;47.8;8.2;13.6;20.1;21.3;16.5;20.3
2024;03;53;BRETAGNE;Français;110.7;Garçon;257;47.0;10.3;15.2;20.6;21.1;15.5;17.2
2024;04;24;CENTRE-VAL DE LOIRE;Français;103.5;Ensemble;255;47.0;10.9;16.0;21.7;20.6;14.3;16.3
2024;04;24;CENTRE-VAL DE LOIRE;Mathématiques;103.5;Fille;246;47.6;15.7;20.3;22.0;17.0;11.8;13.3
2024;04;24;CENTRE-VAL DE LOIRE;Mathématiques;103.5;Garçon;256;53.3;13.5;17.0;18.7;17.4;13.1;20.4
2024;05;94;CORSE;Français;101.3;Ensemble;259;45.5;9.1;13.7;22.0;22.0;16.4;16.8
2024;05;94;CORSE;Mathématiques;101.3;Garçon;260;50.2;10.7;15.2;20.4;18.0;14.6;21.2
2024;10;11;ILE-DE-FRANCE;Mathématiques;112.7;Fille;251;52.8;16.4;18.7;19.2;16.0;12.1;17.6
2024;11;04;LA REUNION;Français;89.0;Ensemble;243;47.2;18.6;19.9;21.2;17.0;11.3;12.1
2024;11;04;LA REUNION;Mathématiques;89.0;Ensemble;235;48.9;25.4;22.8;18.3;13.7;9.2;10.7
2024;11;04;LA REUNION;Mathématiques;89.0;Garçon;239;51.5;24.7;21.0;17.6;14.0;9.7;13.0
2024;13;06;MAYOTTE;Français;69.8;Fille;190;41.4;66.4;16.6;9.4;4.4;1.8;1.4
2024;13;06;MAYOTTE;Français;69.8;Garçon;181;41.5;75.6;11.8;6.7;3.1;1.6;1.1
2024;16;76;OCCITANIE;Français;107.3;Fille;264;48.5;7.8;13.7;19.7;21.1;16.7;21.1
2024;16;76;OCCITANIE;Français;107.3;Garçon;253;47.9;12.8;15.9;21.1;19.9;14.2;16.1
2024;17;52;PAYS DE LA LOIRE;Français;109.1;Fille;264;47.7;7.5;12.9;19.4;22.1;16.9;21.2
2024;17;52;PAYS DE LA LOIRE;Français;109.1;Garçon;253;47.4;12.8;16.1;21.0;20.3;14.2;15.7
2024;18;93;PROVENCE-ALPES-COTE D'AZUR;Français;105.4;Ensemble;257;47.9;10.6;15.1;20.7;20.6;15.5;17.5
2024;18;93;PROVENCE-ALPES-COTE D'AZUR;Mathématiques;105.4;Garçon;260;54.8;12.8;15.3;18.1;17.1;14.4;22.3
2024;;;NATIONAL;Français;;Ensemble;256;49.3;11.7;15.2;20.1;20.1;15.0;17.9
2024;;;NATIONAL;Mathématiques;;Fille;248;50.2;16.3;19.1;20.0;17.0;12.3;15.3
2025;02;27;BOURGOGNE-FRANCHE-COMTE;Français;102.7;Fille;261;46.4;8.1;14.0;20.7;22.3;16.6;18.4
2025;08;03;GUYANE;Mathématiques;81.5;Fille;198;40.6;60.6;17.4;11.6;5.5;3.0;2.0
2025;09;32;HAUTS-DE-FRANCE;Français;99.8;Ensemble;250;46.5;14.1;17.5;21.2;19.9;13.7;13.7
2025;11;04;LA REUNION;Mathématiques;89.6;Ensemble;234;49.2;26.7;23.0;18.6;12.7;8.9;10.3
2025;12;02;MARTINIQUE;Français;100.9;Ensemble;244;49.9;20.1;17.3;20.5;16.6;12.1;13.4
2025;13;06;MAYOTTE;Français;69.8;Garçon;182;40.7;73.5;13.7;7.0;3.1;1.6;1.1
2025;13;06;MAYOTTE;Mathématiques;69.8;Ensemble;183;38.1;75.4;14.3;6.0;2.6;1.0;0.7
2025;14;28;NORMANDIE;Français;103.4;Ensemble;250;47.4;14.0;17.3;21.3;19.5;13.7;14.2
2025;14;28;NORMANDIE;Mathématiques;103.4;Ensemble;249;50.4;16.1;18.8;19.9;17.2;12.4;15.7
2025;15;75;NOUVELLE-AQUITAINE;Mathématiques;108.3;Garçon;263;54.6;11.9;14.5;17.1;17.4;14.9;24.2
2025;16;76;OCCITANIE;Mathématiques;107.3;Ensemble;257;53.3;13.4;16.5;18.9;17.3;13.6;20.2
2025;17;52;PAYS DE LA LOIRE;Français;109.2;Fille;264;48.3;7.8;13.4;19.5;21.2;16.9;21.3
2025;17;52;PAYS DE LA LOIRE;Français;109.2;Garçon;253;48.3;13.4;16.4;20.5;19.3;14.4;16.0
2025;17;52;PAYS DE LA LOIRE;Mathématiques;109.2;Fille;252;49.1;13.3;18.3;20.2;18.0;13.5;16.8
2025;17;52;PAYS DE LA LOIRE;Mathématiques;109.2;Garçon;264;54.7;10.9;14.5;17.4;17.1;14.9;25.1
2025;18;93;PROVENCE-ALPES-COTE D'AZUR;Mathématiques;105.4;Fille;247;49.1;16.3;19.8;20.3;17.3;12.0;14.3
2025;;;NATIONAL;Mathématiques;106.2;Garçon;259;55.6;14.0;15.4;17.5;16.8;13.9;22.5
2017;01;84;AUVERGNE-RHONE-ALPES;Français;107.5;Ensemble;255;49.2;11.0;16.8;20.8;19.1;14.8;17.3
2017;01;84;AUVERGNE-RHONE-ALPES;Mathématiques;107.5;Fille;252;47.2;10.3;17.6;23.4;20.1;13.7;14.8
2017;02;27;BOURGOGNE-FRANCHE-COMTE;Mathématiques;102.1;Garçon;256;48.8;9.9;16.0;22.1;19.9;14.7;17.5
2017;04;24;CENTRE-VAL DE LOIRE;Français;103.4;Garçon;243;45.9;15.1;21.7;22.7;17.5;11.6;11.4
2017;04;24;CENTRE-VAL DE LOIRE;Mathématiques;103.4;Garçon;252;48.5;10.9;18.0;22.9;19.3;13.6;15.3
2017;05;94;CORSE;Français;100.5;Fille;257;48.8;8.5;15.4;22.4;20.1;14.7;19.0
2017;08;03;GUYANE;Français;72.0;Garçon;195;53.4;58.2;17.0;9.8;7.2;3.9;3.9
2017;08;03;GUYANE;Mathématiques;72.0;Fille;196;47.3;57.2;20.1;11.8;5.7;3.0;2.2
2017;09;32;HAUTS-DE-FRANCE;Mathématiques;96.3;Ensemble;246;47.3;13.3;20.1;23.3;18.6;12.1;12.5
2017;09;32;HAUTS-DE-FRANCE;Mathématiques;96.3;Garçon;248;48.7;13.3;19.4;22.8;18.4;12.5;13.7
2017;10;11;ILE-DE-FRANCE;Mathématiques;111.0;Ensemble;251;51.9;13.1;18.6;21.2;17.7;13.0;16.4
2017;10;11;ILE-DE-FRANCE;Mathématiques;111.0;Garçon;252;53.9;13.6;17.9;20.2;17.3;13.2;17.8
2017;11;04;LA REUNION;Français;82.5;Fille;240;46.3;17.4;24.3;21.6;16.1;10.1;10.5
2017;11;04;LA REUNION;Mathématiques;82.5;Ensemble;230;45.8;24.8;25.5;20.8;13.2;8.0;7.7
2017;13;06;MAYOTTE;Français;68.8;Garçon;170;49.0;78.7;12.7;5.4;1.9;0.8;0.6
2017;13;06;MAYOTTE;Mathématiques;68.8;Ensemble;170;49.5;78.0;13.0;4.9;2.3;1.0;0.7
2017;13;06;MAYOTTE;Mathématiques;68.8;Garçon;170;49.9;78.4;12.7;4.9;2.2;1.1;0.8
2017;15;75;NOUVELLE-AQUITAINE;Français;105.8;Ensemble;251;49.8;12.7;18.2;21.3;18.8;13.5;15.5
2017;15;75;NOUVELLE-AQUITAINE;Français;105.8;Fille;257;49.8;9.9;16.2;20.7;19.8;15.1;18.3
2017;15;75;NOUVELLE-AQUITAINE;Français;105.8;Garçon;245;49.2;15.3;20.1;21.9;17.9;11.9;12.8
2017;16;76;OCCITANIE;Français;105.1;Garçon;243;49.7;15.7;20.5;22.0;17.6;12.0;12.2
2017;17;52;PAYS DE LA LOIRE;Mathématiques;107.2;Ensemble;256;48.7;9.4;15.8;22.4;20.4;14.9;17.1
2017;18;93;PROVENCE-ALPES-COTE D'AZUR;Français;104.1;Ensemble;249;48.2;13.2;18.9;21.7;18.4;13.1;14.6
2018;03;53;BRETAGNE;Français;108.6;Garçon;255;47.8;10.3;17.1;22.3;19.2;14.1;17.0
2018;03;53;BRETAGNE;Mathématiques;108.6;Ensemble;256;45.7;8.9;15.5;21.8;21.7;16.0;16.0
2018;04;24;CENTRE-VAL DE LOIRE;Français;103.4;Ensemble;255;47.9;10.0;17.3;23.1;19.4;13.4;16.7
2018;04;24;CENTRE-VAL DE LOIRE;Français;103.4;Fille;260;48.7;8.1;15.2;22.2;20.0;14.9;19.5
2018;06;44;GRAND EST;Mathématiques;100.4;Ensemble;251;47.9;12.4;17.5;21.9;19.7;13.9;14.6
2018;08;03;GUYANE;Mathématiques;72.7;Ensemble;201;48.0;51.2;22.1;12.9;7.1;3.4;3.3
2018;08;03;GUYANE;Mathématiques;72.7;Fille;202;44.9;49.1;24.7;13.7;6.8;2.9;2.9
2018;09;32;HAUTS-DE-FRANCE;Français;96.6;Garçon;242;46.4;16.1;21.8;23.2;16.8;10.8;11.3
2018;10;11;ILE-DE-FRANCE;Mathématiques;110.7;Fille;247;47.1;13.6;20.0;22.4;18.6;12.4;13.0
2018;11;04;LA REUNION;Français;82.7;Ensemble;237;46.3;19.3;24.2;22.8;14.8;9.2;9.7
2018;11;04;LA REUNION;Français;82.7;Garçon;232;45.4;22.9;25.9;21.8;13.3;7.8;8.3
2018;11;04;LA REUNION;Mathématiques;82.7;Garçon;231;47.4;26.1;23.3;20.8;13.2;7.7;8.9
2018;12;02;MARTINIQUE;Français;92.2;Ensemble;235;47.8;22.8;22.8;20.8;14.1;10.3;9.2
2018;12;02;MARTINIQUE;Mathématiques;92.2;Ensemble;227;46.4;29.0;22.5;20.5;13.5;7.6;6.9
2018;12;02;MARTINIQUE;Mathématiques;92.2;Garçon;225;49.1;32.5;21.0;18.2;12.6;7.7;8.0
2018;13;06;MAYOTTE;Français;68.1;Ensemble;179;36.5;75.8;14.9;5.6;1.8;1.3;0.6
2018;14;28;NORMANDIE;Français;101.7;Ensemble;251;48.0;11.9;18.6;22.6;18.6;12.8;15.5
2018;14;28;NORMANDIE;Mathématiques;101.7;Garçon;250;49.1;14.1;17.4;20.3;18.9;14.6;14.7
2018;17;52;PAYS DE LA LOIRE;Français;107.2;Fille;260;50.5;9.6;15.5;20.7;19.0;14.9;20.3
2018;17;52;PAYS DE LA LOIRE;Français;107.2;Garçon;249;48.6;13.7;18.9;22.1;18.0;12.5;14.9
2018;17;52;PAYS DE LA LOIRE;Mathématiques;107.2;Garçon;257;49.9;10.7;14.9;19.9;20.1;15.6;18.8
2018;18;93;PROVENCE-ALPES-COTE D'AZUR;Mathématiques;104.0;Ensemble;249;48.0;13.2;18.3;22.2;19.5;13.1;13.8
2018;;;NATIONAL;Français;;Ensemble;254;50.3;11.9;17.1;21.7;18.4;13.4;17.5
2018;;;NATIONAL;Français;;Fille;260;50.9;9.6;15.3;21.1;19.1;14.5;20.3
2018;;;NATIONAL;Mathématiques;;Fille;245;44.6;13.0;19.8;24.0;19.9;12.5;11.0
2019;01;84;AUVERGNE-RHONE-ALPES;Français;107.3;Garçon;252;49.4;14.9;15.7;18.1;18.5;15.3;17.4
2019;01;84;AUVERGNE-RHONE-ALPES;Mathématiques;107.3;Ensemble;254;52.0;14.0;16.1;18.8;17.9;14.1;19.0
2019;01;84;AUVERGNE-RHONE-ALPES;Mathématiques;107.3;Fille;253;49.0;12.8;17.0;20.3;18.9;14.4;16.6
2019;02;27;BOURGOGNE-FRANCHE-COMTE;Mathématiques;102.1;Ensemble;250;50.3;14.9;17.5;20.0;18.0;13.4;16.3
2019;03;53;BRETAGNE;Mathématiques;108.5;Garçon;257;52.3;13.1;15.0;18.4;17.8;15.0;20.7
2019;04;24;CENTRE-VAL DE LOIRE;Mathématiques;103.5;Garçon;249;52.1;16.5;17.8;19.0;17.1;12.3;17.3
2019;05;94;CORSE;Mathématiques;100.8;Fille;235;47.6;20.7;23.3;21.7;15.2;10.1;9.1
2019;05;94;CORSE;Mathématiques;100.8;Garçon;240;55.3;22.6;18.9;17.1;15.7;12.0;13.8
2019;08;03;GUYANE;Français;72.6;Fille;218;52.7;36.6;19.6;17.1;12.8;7.1;6.8
2019;08;03;GUYANE;Mathématiques;72.6;Garçon;199;48.5;56.7;18.2;10.9;6.9;3.6;3.6
2019;11;04;LA REUNION;Français;82.8;Ensemble;243;48.9;20.5;18.8;17.8;16.2;13.1;13.6
2019;11;04;LA REUNION;Français;82.8;Garçon;235;48.9;26.1;20.6;16.9;14.3;11.5;10.6
2019;11;04;LA REUNION;Mathématiques;82.8;Ensemble;233;49.6;26.4;22.1;18.7;13.6;8.7;10.5
2019;12;02;MARTINIQUE;Français;93.3;Garçon;232;51.3;28.2;17.7;17.8;14.6;12.0;9.7
2019;14;28;NORMANDIE;Français;101.9;Ensemble;251;48.4;14.8;16.5;18.6;18.1;15.6;16.4
2019;15;75;NOUVELLE-AQUITAINE;Français;106.0;Fille;265;47.5;8.6;12.0;16.9;19.9;18.8;23.8
2019;15;75;NOUVELLE-AQUITAINE;Mathématiques;106.0;Ensemble;252;51.0;14.8;16.7;19.4;18.0;13.7;17.5
2019;17;52;PAYS DE LA LOIRE;Français;107.3;Ensemble;257;48.3;11.8;14.0;18.0;19.3;17.2;19.7
2019;17;52;PAYS DE LA LOIRE;Français;107.3;Garçon;250;48.6;15.2;16.0;18.9;18.3;15.4;16.1
2019;18;93;PROVENCE-ALPES-COTE D'AZUR;Français;103.9;Garçon;249;49.4;16.3;16.6;18.7;17.6;14.8;16.0
2019;18;93;PROVENCE-ALPES-COTE D'AZUR;Mathématiques;103.9;Ensemble;247;51.8;17.6;17.9;19.4;17.0;12.5;15.6
2019;;;NATIONAL;Mathématiques;;Garçon;250;55.0;18.1;16.6;17.6;16.2;12.9;18.6
2020;01;84;AUVERGNE-RHONE-ALPES;Mathématiques;107.3;Ensemble;259;51.4;11.9;14.5;18.6;18.4;15.5;21.1
2020;02;27;BOURGOGNE-FRANCHE-COMTE;Français;102.4;Fille;268;45.7;5.7;11.6;18.5;21.6;18.5;24.2
2020;02;27;BOURGOGNE-FRANCHE-COMTE;Mathématiques;102.4;Fille;252;47.2;12.2;17.7;20.9;19.3;14.0;15.9
2020;02;27;BOURGOGNE-FRANCHE-COMTE;Mathématiques;102.4;Garçon;258;51.8;13.5;14.2;17.7;18.3;15.6;20.6
2020;03;53;BRETAGNE;Mathématiques;108.2;Ensemble;261;49.5;10.2;13.6;19.0;19.5;16.6;21.2
2020;04;24;CENTRE-VAL DE LOIRE;Français;103.5;Ensemble;261;45.3;7.4;14.1;21.3;21.1;16.4;19.7
2020;04;24;CENTRE-VAL DE LOIRE;Français;103.5;Fille;267;45.2;5.3;11.6;20.2;21.7;17.9;23.3
2020;05;94;CORSE;Français;101.7;Ensemble;262;44.6;7.3;13.5;20.2;22.4;17.1;19.6
2020;05;94;CORSE;Français;101.7;Fille;268;44.4;5.2;10.6;18.5;23.7;19.4;22.6
2020;05;94;CORSE;Mathématiques;101.7;Ensemble;248;46.7;14.6;17.9;21.6;18.8;13.5;13.5
2020;05;94;CORSE;Mathématiques;101.7;Garçon;249;49.1;15.4;17.4;19.8;18.2;13.5;15.7
2020;08;03;GUYANE;Français;71.4;Garçon;203;48.0;53.5;18.1;11.8;8.2;4.6;3.8
2020;09;32;HAUTS-DE-FRANCE;Français;97.2;Ensemble;252;46.1;11.6;17.3;21.7;19.5;14.4;15.5
2020;09;32;HAUTS-DE-FRANCE;Mathématiques;97.2;Fille;242;47.4;18.7;20.0;21.0;16.9;11.6;11.9
2020;09;32;HAUTS-DE-FRANCE;Mathématiques;97.2;Garçon;247;52.2;19.3;17.1;18.0;16.9;12.6;16.0
2020;10;11;ILE-DE-FRANCE;Français;110.6;Ensemble;266;50.0;8.1;12.8;18.1;19.1;16.9;24.9
2020;11;04;LA REUNION;Mathématiques;83.6;Ensemble;230;48.6;28.5;21.8;18.4;13.6;8.3;9.3
2020;12;02;MARTINIQUE;Français;91.9;Ensemble;244;49.3;19.2;18.1;19.4;16.6;12.9;13.9
2020;15;75;NOUVELLE-AQUITAINE;Français;106.1;Garçon;258;46.3;9.6;14.5;20.7;20.6;16.1;18.6
2020;16;76;OCCITANIE;Français;105.3;Ensemble;263;47.7;8.0;13.2;19.4;20.2;17.1;22.0
2020;16;76;OCCITANIE;Français;105.3;Garçon;257;46.7;10.1;15.2;20.9;19.9;15.7;18.2
2020;16;76;OCCITANIE;Mathématiques;105.3;Fille;254;48.9;12.4;16.2;20.6;18.8;14.6;17.2
2020;18;93;PROVENCE-ALPES-COTE D'AZUR;Mathématiques;104.0;Ensemble;252;51.2;15.3;16.5;19.0;18.0;13.8;17.5
2020;;;NATIONAL;Français;;Garçon;255;47.5;11.4;15.7;20.7;19.7;15.1;17.4
2021;01;84;AUVERGNE-RHONE-ALPES;Mathématiques;107.8;Ensemble;260;52.7;11.7;14.7;18.2;18.3;15.2;21.9
2021;02;27;BOURGOGNE-FRANCHE-COMTE;Français;102.8;Garçon;255;43.6;9.3;15.9;22.7;21.5;15.4;15.2
2021;02;27;BOURGOGNE-FRANCHE-COMTE;Mathématiques;102.8;Ensemble;256;50.8;12.9;15.9;19.3;18.3;14.6;19.0
2021;03;53;BRETAGNE;Mathématiques;108.5;Ensemble;261;50.5;10.4;14.1;18.8;18.7;16.4;21.6
2021;03;53;BRETAGNE;Mathématiques;108.5;Fille;257;47.6;10.3;15.8;20.8;19.5;15.3;18.3
2021;05;94;CORSE;Français;101.0;Garçon;257;46.7;10.1;15.3;23.1;18.9;14.6;18.0
2021;05;94;CORSE;Mathématiques;101.0;Garçon;253;56.7;16.6;14.3;19.8;16.4;13.9;19.0
2021;06;44;GRAND EST;Mathématiques;101.3;Garçon;259;54.1;14.1;14.4;16.8;17.9;15.2;21.7
2021;07;01;GUADELOUPE;Français;90.7;Garçon;235;45.9;23.3;21.1;20.2;15.0;11.1;9.3
2021;07;01;GUADELOUPE;Mathématiques;90.7;Ensemble;225;50.2;34.2;20.6;16.7;11.9;7.9;8.7
2021;09;32;HAUTS-DE-FRANCE;Mathématiques;97.8;Garçon;250;53.4;18.0;16.1;18.0;16.6;13.7;17.6
2021;11;04;LA REUNION;Français;85.1;Fille;254;45.8;10.2;17.8;21.7;18.6;15.1;16.6
2021;11;04;LA REUNION;Français;85.1;Garçon;240;44.8;18.7;21.6;22.1;16.6;10.7;10.3
2021;12;02;MARTINIQUE;Mathématiques;92.1;Ensemble;231;49.9;28.6;20.8;17.8;13.6;9.8;9.5
2021;13;06;MAYOTTE;Mathématiques;68.4;Ensemble;175;39.4;79.4;11.6;5.5;1.8;1.0;0.7
2021;15;75;NOUVELLE-AQUITAINE;Mathématiques;106.5;Ensemble;257;51.4;13.0;15.3;18.6;18.5;14.9;19.7
2021;15;75;NOUVELLE-AQUITAINE;Mathématiques;106.5;Garçon;261;53.8;12.9;13.6;16.9;18.1;15.8;22.7
2021;18;93;PROVENCE-ALPES-COTE D'AZUR;Français;104.1;Garçon;256;45.2;9.7;15.4;22.3;21.1;15.0;16.6
2021;18;93;PROVENCE-ALPES-COTE D'AZUR;Mathématiques;104.1;Garçon;258;55.0;14.5;14.7;17.0;17.6;14.7;21.5
2022;02;27;BOURGOGNE-FRANCHE-COMTE;Français;102.0;Fille;262;45.2;7.7;13.8;20.1;21.0;17.4;20.0
2022;02;27;BOURGOGNE-FRANCHE-COMTE;Mathématiques;102.0;Garçon;259;52.5;12.1;15.9;19.0;18.0;14.7;20.5
2022;03;53;BRETAGNE;Mathématiques;109.6;Ensemble;260;50.6;10.6;15.6;19.4;18.8;14.8;20.8
2022;04;24;CENTRE-VAL DE LOIRE;Français;103.3;Garçon;249;44.3;12.7;18.3;22.6;19.2;13.9;13.2
2022;07;01;GUADELOUPE;Mathématiques;96.4;Ensemble;226;47.0;33.7;22.6;17.1;11.3;7.6;7.8
2022;08;03;GUYANE;Mathématiques;81.3;Fille;197;38.8;62.0;20.2;8.4;5.0;2.5;2.0
2022;09;32;HAUTS-DE-FRANCE;Français;98.4;Ensemble;250;45.2;13.4;18.5;21.6;18.8;13.9;13.9
2022;10;11;ILE-DE-FRANCE;Français;111.6;Ensemble;262;49.2;9.6;14.4;18.3;18.8;16.5;22.3
2022;10;11;ILE-DE-FRANCE;Français;111.6;Fille;270;49.2;7.2;12.3;17.1;19.0;17.9;26.6
2022;10;11;ILE-DE-FRANCE;Mathématiques;111.6;Garçon;260;56.9;14.2;16.1;17.3;15.7;13.2;23.5
2022;11;04;LA REUNION;Mathématiques;87.5;Fille;231;45.7;26.7;24.5;19.3;13.1;8.0;8.4
2022;11;04;LA REUNION;Mathématiques;87.5;Garçon;236;51.3;27.2;21.4;17.4;12.7;9.2;12.0
2022;12;02;MARTINIQUE;Français;101.6;Fille;251;46.7;13.4;18.5;18.9;18.4;15.6;15.3
2022;12;02;MARTINIQUE;Français;101.6;Garçon;238;45.6;21.5;20.7;19.8;16.6;11.9;9.5
2022;13;06;MAYOTTE;Français;73.7;Fille;190;40.8;67.0;16.8;8.3;4.0;2.5;1.4
2022;13;06;MAYOTTE;Mathématiques;73.7;Garçon;182;35.6;78.4;12.8;5.1;2.1;0.9;0.7
2022;15;75;NOUVELLE-AQUITAINE;Français;106.8;Garçon;252;45.4;12.0;17.3;21.5;19.3;14.5;15.5
2022;15;75;NOUVELLE-AQUITAINE;Mathématiques;106.8;Fille;251;49.2;14.5;18.4;20.6;18.0;12.9;15.7
2022;15;75;NOUVELLE-AQUITAINE;Mathématiques;106.8;Garçon;261;53.2;11.9;14.8;17.8;18.0;14.6;22.8
2022;16;76;OCCITANIE;Mathématiques;106.7;Garçon;261;53.6;12.0;15.4;17.9;17.7;14.6;22.4
2022;17;52;PAYS DE LA LOIRE;Mathématiques;107.7;Ensemble;259;51.4;11.6;16.3;19.2;18.1;14.1;20.7
2022;17;52;PAYS DE LA LOIRE;Mathématiques;107.7;Fille;253;48.5;12.4;18.1;21.1;18.6;13.2;16.7
2022;17;52;PAYS DE LA LOIRE;Mathématiques;107.7;Garçon;264;53.6;10.8;14.5;17.5;17.7;15.0;24.5
2022;18;93;PROVENCE-ALPES-COTE D'AZUR;Français;105.3;Ensemble;257;46.7;10.3;15.7;20.2;19.9;15.7;18.2
2022;;;NATIONAL;Français;;Fille;263;48.0;8.8;13.8;18.7;19.6;17.1;22.1
2022;;;NATIONAL;Mathématiques;;Fille;248;49.6;16.0;19.1;20.5;17.2;12.2;15.1
2023;02;27;BOURGOGNE-FRANCHE-COMTE;Français;102.4;Fille;263;46.6;7.7;13.9;19.7;21.2;17.0;20.5
2023;04;24;CENTRE-VAL DE LOIRE;Mathématiques;103.1;Ensemble;252;50.2;14.3;18.2;20.1;17.7;13.0;16.8
2023;05;94;CORSE;Mathématiques;101.7;Ensemble;250;48.1;13.9;19.7;20.5;17.6;13.3;15.0
2023;06;44;GRAND EST;Français;101.0;Ensemble;255;46.8;11.1;16.5;21.3;19.5;14.9;16.7
2023;06;44;GRAND EST;Français;101.0;Garçon;248;45.3;13.7;18.6;22.4;19.0;13.2;13.0
2023;07;01;GUADELOUPE;Français;96.8;Fille;247;47.4;16.8;17.7;20.3;18.1;13.6;13.5
2023;07;01;GUADELOUPE;Mathématiques;96.8;Ensemble;228;48.7;31.0;22.4;17.9;12.3;8.1;8.3
2023;10;11;ILE-DE-FRANCE;Mathématiques;112.6;Fille;251;52.5;15.8;18.7;19.3;16.4;12.3;17.5
2023;10;11;ILE-DE-FRANCE;Mathématiques;112.6;Garçon;261;58.2;14.2;15.6;17.0;15.7;13.2;24.3
2023;11;04;LA REUNION;Français;88.3;Garçon;237;45.4;22.0;21.9;20.4;16.1;10.4;9.3
2023;12;02;MARTINIQUE;Mathématiques;101.3;Garçon;232;51.7;28.7;21.3;16.8;13.4;8.8;11.1
2023;13;06;MAYOTTE;Français;70.0;Ensemble;190;40.8;68.3;16.1;7.6;4.4;2.3;1.4
2023;13;06;MAYOTTE;Mathématiques;70.0;Garçon;182;40.2;76.2;14.1;5.1;2.4;1.1;1.2
2023;14;28;NORMANDIE;Français;103.0;Fille;257;46.4;10.0;16.1;20.5;20.2;15.5;17.7
2023;15;75;NOUVELLE-AQUITAINE;Mathématiques;107.7;Fille;252;49.2;13.8;17.7;20.8;18.0;13.4;16.4
2023;15;75;NOUVELLE-AQUITAINE;Mathématiques;107.7;Garçon;263;54.2;11.4;14.5;17.8;17.3;15.0;24.0
2023;17;52;PAYS DE LA LOIRE;Français;108.8;Ensemble;259;46.9;9.6;15.1;20.4;20.1;16.1;18.7
2023;;;NATIONAL;Mathématiques;;Garçon;259;55.3;13.7;15.6;17.7;16.9;13.9;22.3
2024;01;84;AUVERGNE-RHONE-ALPES;Mathématiques;109.1;Fille;254;50.2;13.2;17.7;20.0;18.2;13.6;17.4
2024;01;84;AUVERGNE-RHONE-ALPES;Mathématiques;109.1;Garçon;265;55.8;10.8;14.3;17.3;17.3;14.6;25.6
2024;02;27;BOURGOGNE-FRANCHE-COMTE;Français;102.7;Ensemble;256;46.1;10.1;15.7;21.5;21.1;15.4;16.1
2024;03;53;BRETAGNE;Français;110.7;Fille;268;48.0;5.9;11.9;19.6;21.5;17.6;23.5
2024;03;53;BRETAGNE;Mathématiques;110.7;Ensemble;260;51.0;10.6;15.8;19.3;18.4;14.8;21.1
2024;05;94;CORSE;Français;101.3;Garçon;252;44.8;11.7;16.6;24.0;19.5;15.0;13.2
2024;05;94;CORSE;Mathématiques;101.3;Ensemble;255;48.3;12.3;16.7;21.4;17.9;14.0;17.7
2024;06;44;GRAND EST;Français;101.3;Garçon;249;46.3;14.0;17.4;21.7;19.6;14.0;13.4
2024;06;44;GRAND EST;Mathématiques;101.3;Ensemble;255;52.1;13.5;17.3;19.2;17.5;13.5;19.1
2024;06;44;GRAND EST;Mathématiques;101.3;Fille;250;49.5;15.0;19.0;20.4;17.5;12.6;15.6
2024;07;01;GUADELOUPE;Français;96.9;Ensemble;238;48.8;23.4;19.8;19.4;16.3;10.5;10.7
2024;07;01;GUADELOUPE;Mathématiques;96.9;Ensemble;229;50.4;32.6;20.7;17.0;12.2;8.0;9.4
2024;08;03;GUYANE;Français;81.7;Ensemble;206;49.2;52.0;17.2;13.0;8.2;5.0;4.5
2024;08;03;GUYANE;Français;81.7;Fille;211;48.8;46.4;18.9;14.5;9.9;5.4;4.9
2024;08;03;GUYANE;Français;81.7;Garçon;200;49.0;58.0;15.4;11.5;6.4;4.5;4.2
2024;08;03;GUYANE;Mathématiques;81.7;Fille;198;40.2;59.5;21.0;10.2;4.5;2.2;2.7
2024;08;03;GUYANE;Mathématiques;81.7;Garçon;199;45.3;61.3;16.9;9.4;5.5;3.4;3.6
2024;09;32;HAUTS-DE-FRANCE;Français;99.6;Ensemble;250;46.0;13.3;17.8;21.8;20.2;13.6;13.3
2024;09;32;HAUTS-DE-FRANCE;Français;99.6;Fille;254;45.9;10.7;16.6;21.8;20.8;15.0;15.1
2024;09;32;HAUTS-DE-FRANCE;Mathématiques;99.6;Ensemble;249;50.2;16.3;19.2;20.0;16.9;12.0;15.5
2024;09;32;HAUTS-DE-FRANCE;Mathématiques;99.6;Garçon;254;52.3;14.4;17.1;19.4;17.1;13.1;18.9
2024;10;11;ILE-DE-FRANCE;Français;112.7;Garçon;256;51.0;13.2;15.6;19.1;18.8;14.5;18.7
2024;12;02;MARTINIQUE;Français;100.5;Garçon;238;49.3;24.3;18.3;18.0;17.5;10.6;11.4
2024;12;02;MARTINIQUE;Mathématiques;100.5;Fille;231;48.2;28.8;22.2;18.9;13.7;8.0;8.4
2024;14;28;NORMANDIE;Mathématiques;103.3;Ensemble;248;49.8;16.1;19.1;20.3;17.1;12.0;15.4
2024;15;75;NOUVELLE-AQUITAINE;Mathématiques;108.2;Fille;251;49.5;14.5;18.1;20.1;18.1;13.2;15.9
2025;01;84;AUVERGNE-RHONE-ALPES;Français;109.2;Fille;266;49.3;7.7;12.7;18.7;20.5;17.2;23.2
2025;02;27;BOURGOGNE-FRANCHE-COMTE;Mathématiques;102.7;Fille;249;47.9;14.2;18.8;21.2;18.6;12.8;14.5
2025;05;94;CORSE;Français;102.0;Ensemble;258;46.5;9.8;14.7;21.7;20.7;15.8;17.2
2025;05;94;CORSE;Mathématiques;102.0;Garçon;262;52.5;10.5;14.7;19.8;18.2;13.6;23.2
2025;06;44;GRAND EST;Français;101.4;Ensemble;253;47.5;12.6;16.2;20.9;20.1;14.6;15.6
2025;06;44;GRAND EST;Français;101.4;Fille;258;47.1;9.6;15.0;20.8;21.0;15.9;17.7
2025;07;01;GUADELOUPE;Français;96.4;Garçon;232;48.4;28.0;18.8;20.5;13.9;9.5;9.3
2025;08;03;GUYANE;Français;81.5;Garçon;201;47.4;58.0;15.7;11.0;6.9;4.5;3.9
2025;10;11;ILE-DE-FRANCE;Français;112.6;Garçon;255;51.8;14.2;16.0;19.0;18.1;14.0;18.7
2025;10;11;ILE-DE-FRANCE;Mathématiques;112.6;Garçon;260;58.2;14.5;15.7;16.8;15.7;13.2;24.0
2025;11;04;LA REUNION;Français;89.6;Garçon;235;47.0;24.8;21.2;19.5;15.4;9.5;9.7
2025;12;02;MARTINIQUE;Mathématiques;100.9;Garçon;233;52.3;29.6;18.2;18.0;13.3;9.5;11.5
2025;14;28;NORMANDIE;Français;103.4;Fille;256;47.3;10.9;15.6;21.6;20.6;14.9;16.4
2025;15;75;NOUVELLE-AQUITAINE;Français;108.3;Ensemble;259;49.2;11.2;14.2;19.6;20.4;15.6;19.1
2025;15;75;NOUVELLE-AQUITAINE;Français;108.3;Fille;264;48.8;8.6;12.8;18.9;21.0;16.9;21.8
2025;15;75;NOUVELLE-AQUITAINE;Français;108.3;Garçon;253;49.0;13.6;15.6;20.2;19.8;14.3;16.6
2025;16;76;OCCITANIE;Français;107.3;Fille;263;48.7;8.4;13.3;19.6;20.9;16.7;21.1
2025;16;76;OCCITANIE;Français;107.3;Garçon;252;49.0;14.0;16.3;20.6;19.3;13.8;16.1
2025;16;76;OCCITANIE;Mathématiques;107.3;Garçon;263;55.3;12.0;14.7;17.6;17.2;14.6;23.9
2025;18;93;PROVENCE-ALPES-COTE D'AZUR;Français;105.4;Garçon;250;47.8;14.4;17.2;20.8;19.6;13.6;14.4
2025;18;93;PROVENCE-ALPES-COTE D'AZUR;Mathématiques;105.4;Garçon;259;54.4;13.1;15.4;18.0;17.5;14.1;21.8
2025;;;NATIONAL;Français;106.2;Fille;261;49.5;9.8;14.0;19.5;20.3;16.1;20.3
